,instant,dteday,season,yr,mnth,holiday,weekday,workingday,weathersit,temp,atemp,hum,windspeed,casual,registered,cnt,cnt_lag1,cnt_lag7,cnt_roll7_mean
7,8,2011-01-08,1,0,1,0,6,0,2,0.165,0.162254,0.535833,0.266804,68,891,959,1510.0,985.0,1344.7142857142858
8,9,2011-01-09,1,0,1,0,0,0,1,0.138333,0.116175,0.434167,0.36195,54,768,822,959.0,801.0,1341.0
9,10,2011-01-10,1,0,1,0,1,1,1,0.150833,0.150888,0.482917,0.223267,41,1280,1321,822.0,1349.0,1344.0
10,11,2011-01-11,1,0,1,0,2,1,2,0.169091,0.191464,0.686364,0.122132,43,1220,1263,1321.0,1562.0,1340.0
11,12,2011-01-12,1,0,1,0,3,1,1,0.172727,0.160473,0.599545,0.304627,25,1137,1162,1263.0,1600.0,1297.2857142857142
12,13,2011-01-13,1,0,1,0,4,1,1,0.165,0.150883,0.470417,0.301,38,1368,1406,1162.0,1606.0,1234.7142857142858
13,14,2011-01-14,1,0,1,0,5,1,1,0.16087,0.188413,0.537826,0.126548,54,1367,1421,1406.0,1510.0,1206.142857142857
14,15,2011-01-15,1,0,1,0,6,0,2,0.233333,0.248112,0.49875,0.157963,222,1026,1248,1421.0,959.0,1193.4285714285713
15,16,2011-01-16,1,0,1,0,0,0,1,0.231667,0.234217,0.48375,0.188433,251,953,1204,1248.0,822.0,1234.7142857142858
16,17,2011-01-17,1,0,1,1,1,0,2,0.175833,0.176771,0.5375,0.194017,117,883,1000,1204.0,1321.0,1289.2857142857142
17,18,2011-01-18,1,0,1,0,2,1,2,0.216667,0.232333,0.861667,0.146775,9,674,683,1000.0,1263.0,1243.4285714285713
18,19,2011-01-19,1,0,1,0,3,1,2,0.292174,0.298422,0.741739,0.208317,78,1572,1650,683.0,1162.0,1160.5714285714287
19,20,2011-01-20,1,0,1,0,4,1,2,0.261667,0.25505,0.538333,0.195904,83,1844,1927,1650.0,1406.0,1230.2857142857142
20,21,2011-01-21,1,0,1,0,5,1,1,0.1775,0.157833,0.457083,0.353242,75,1468,1543,1927.0,1421.0,1304.7142857142858
21,22,2011-01-22,1,0,1,0,6,0,1,0.0591304,0.0790696,0.4,0.17197,93,888,981,1543.0,1248.0,1322.142857142857
22,23,2011-01-23,1,0,1,0,0,0,1,0.0965217,0.0988391,0.436522,0.2466,150,836,986,981.0,1204.0,1284.0
23,24,2011-01-24,1,0,1,0,1,1,1,0.0973913,0.11793,0.491739,0.15833,86,1330,1416,986.0,1000.0,1252.857142857143
24,25,2011-01-25,1,0,1,0,2,1,2,0.223478,0.234526,0.616957,0.129796,186,1799,1985,1416.0,683.0,1312.2857142857142
25,26,2011-01-26,1,0,1,0,3,1,3,0.2175,0.2036,0.8625,0.29385,34,472,506,1985.0,1650.0,1498.2857142857142
26,27,2011-01-27,1,0,1,0,4,1,1,0.195,0.2197,0.6875,0.113837,15,416,431,506.0,1927.0,1334.857142857143
27,28,2011-01-28,1,0,1,0,5,1,2,0.203478,0.223317,0.793043,0.1233,38,1129,1167,431.0,1543.0,1121.142857142857
28,29,2011-01-29,1,0,1,0,6,0,1,0.196522,0.212126,0.651739,0.145365,123,975,1098,1167.0,981.0,1067.4285714285713
29,30,2011-01-30,1,0,1,0,0,0,1,0.216522,0.250322,0.722174,0.0739826,140,956,1096,1098.0,986.0,1084.142857142857
30,31,2011-01-31,1,0,1,0,1,1,2,0.180833,0.18625,0.60375,0.187192,42,1459,1501,1096.0,1416.0,1099.857142857143
31,32,2011-02-01,1,0,2,0,2,1,2,0.192174,0.23453,0.829565,0.053213,47,1313,1360,1501.0,1985.0,1112.0
32,33,2011-02-02,1,0,2,0,3,1,2,0.26,0.254417,0.775417,0.264308,72,1454,1526,1360.0,506.0,1022.7142857142857
33,34,2011-02-03,1,0,2,0,4,1,1,0.186957,0.177878,0.437826,0.277752,61,1489,1550,1526.0,431.0,1168.4285714285713
34,35,2011-02-04,1,0,2,0,5,1,2,0.211304,0.228587,0.585217,0.127839,88,1620,1708,1550.0,1167.0,1328.2857142857142
35,36,2011-02-05,1,0,2,0,6,0,2,0.233333,0.243058,0.929167,0.161079,100,905,1005,1708.0,1098.0,1405.5714285714287
36,37,2011-02-06,1,0,2,0,0,0,1,0.285833,0.291671,0.568333,0.1418,354,1269,1623,1005.0,1096.0,1392.2857142857142
37,38,2011-02-07,1,0,2,0,1,1,1,0.271667,0.303658,0.738333,0.0454083,120,1592,1712,1623.0,1501.0,1467.5714285714287
38,39,2011-02-08,1,0,2,0,2,1,1,0.220833,0.198246,0.537917,0.36195,64,1466,1530,1712.0,1360.0,1497.7142857142858
39,40,2011-02-09,1,0,2,0,3,1,2,0.134783,0.144283,0.494783,0.188839,53,1552,1605,1530.0,1526.0,1522.0
40,41,2011-02-10,1,0,2,0,4,1,1,0.144348,0.149548,0.437391,0.221935,47,1491,1538,1605.0,1550.0,1533.2857142857142
41,42,2011-02-11,1,0,2,0,5,1,1,0.189091,0.213509,0.506364,0.10855,149,1597,1746,1538.0,1708.0,1531.5714285714287
42,43,2011-02-12,1,0,2,0,6,0,1,0.2225,0.232954,0.544167,0.203367,288,1184,1472,1746.0,1005.0,1537.0
43,44,2011-02-13,1,0,2,0,0,0,1,0.316522,0.324113,0.457391,0.260883,397,1192,1589,1472.0,1623.0,1603.7142857142858
44,45,2011-02-14,1,0,2,0,1,1,1,0.415,0.39835,0.375833,0.417908,208,1705,1913,1589.0,1712.0,1598.857142857143
45,46,2011-02-15,1,0,2,0,2,1,1,0.266087,0.254274,0.314348,0.291374,140,1675,1815,1913.0,1530.0,1627.5714285714287
46,47,2011-02-16,1,0,2,0,3,1,1,0.318261,0.3162,0.423478,0.251791,218,1897,2115,1815.0,1605.0,1668.2857142857142
47,48,2011-02-17,1,0,2,0,4,1,1,0.435833,0.428658,0.505,0.230104,259,2216,2475,2115.0,1538.0,1741.142857142857
48,49,2011-02-18,1,0,2,0,5,1,1,0.521667,0.511983,0.516667,0.264925,579,2348,2927,2475.0,1746.0,1875.0
49,50,2011-02-19,1,0,2,0,6,0,1,0.399167,0.391404,0.187917,0.507463,532,1103,1635,2927.0,1472.0,2043.7142857142858
50,51,2011-02-20,1,0,2,0,0,0,1,0.285217,0.27733,0.407826,0.223235,639,1173,1812,1635.0,1589.0,2067.0
51,52,2011-02-21,1,0,2,1,1,0,2,0.303333,0.284075,0.605,0.307846,195,912,1107,1812.0,1913.0,2098.8571428571427
52,53,2011-02-22,1,0,2,0,2,1,1,0.182222,0.186033,0.577778,0.195683,74,1376,1450,1107.0,1815.0,1983.7142857142858
53,54,2011-02-23,1,0,2,0,3,1,1,0.221739,0.245717,0.423043,0.094113,139,1778,1917,1450.0,2115.0,1931.5714285714287
54,55,2011-02-24,1,0,2,0,4,1,2,0.295652,0.289191,0.697391,0.250496,100,1707,1807,1917.0,2475.0,1903.2857142857142
55,56,2011-02-25,1,0,2,0,5,1,2,0.364348,0.350461,0.712174,0.346539,120,1341,1461,1807.0,2927.0,1807.857142857143
56,57,2011-02-26,1,0,2,0,6,0,1,0.2825,0.282192,0.537917,0.186571,424,1545,1969,1461.0,1635.0,1598.4285714285713
57,58,2011-02-27,1,0,2,0,0,0,1,0.343478,0.351109,0.68,0.125248,694,1708,2402,1969.0,1812.0,1646.142857142857
58,59,2011-02-28,1,0,2,0,1,1,2,0.407273,0.400118,0.876364,0.289686,81,1365,1446,2402.0,1107.0,1730.4285714285713
59,60,2011-03-01,1,0,3,0,2,1,1,0.266667,0.263879,0.535,0.216425,137,1714,1851,1446.0,1450.0,1778.857142857143
60,61,2011-03-02,1,0,3,0,3,1,1,0.335,0.320071,0.449583,0.307833,231,1903,2134,1851.0,1917.0,1836.142857142857
61,62,2011-03-03,1,0,3,0,4,1,1,0.198333,0.200133,0.318333,0.225754,123,1562,1685,2134.0,1807.0,1867.142857142857
62,63,2011-03-04,1,0,3,0,5,1,2,0.261667,0.255679,0.610417,0.203346,214,1730,1944,1685.0,1461.0,1849.7142857142858
63,64,2011-03-05,1,0,3,0,6,0,2,0.384167,0.378779,0.789167,0.251871,640,1437,2077,1944.0,1969.0,1918.7142857142858
64,65,2011-03-06,1,0,3,0,0,0,2,0.376522,0.366252,0.948261,0.343287,114,491,605,2077.0,2402.0,1934.142857142857
65,66,2011-03-07,1,0,3,0,1,1,1,0.261739,0.238461,0.551304,0.341352,244,1628,1872,605.0,1446.0,1677.4285714285713
66,67,2011-03-08,1,0,3,0,2,1,1,0.2925,0.3024,0.420833,0.12065,316,1817,2133,1872.0,1851.0,1738.2857142857142
67,68,2011-03-09,1,0,3,0,3,1,2,0.295833,0.286608,0.775417,0.22015,191,1700,1891,2133.0,2134.0,1778.5714285714287
68,69,2011-03-10,1,0,3,0,4,1,3,0.389091,0.385668,0.0,0.261877,46,577,623,1891.0,1685.0,1743.857142857143
69,70,2011-03-11,1,0,3,0,5,1,2,0.316522,0.305,0.649565,0.23297,247,1730,1977,623.0,1944.0,1592.142857142857
70,71,2011-03-12,1,0,3,0,6,0,1,0.329167,0.32575,0.594583,0.220775,724,1408,2132,1977.0,2077.0,1596.857142857143
71,72,2011-03-13,1,0,3,0,0,0,1,0.384348,0.380091,0.527391,0.270604,982,1435,2417,2132.0,605.0,1604.7142857142858
72,73,2011-03-14,1,0,3,0,1,1,1,0.325217,0.332,0.496957,0.136926,359,1687,2046,2417.0,1872.0,1863.5714285714287
73,74,2011-03-15,1,0,3,0,2,1,2,0.317391,0.318178,0.655652,0.184309,289,1767,2056,2046.0,2133.0,1888.4285714285713
74,75,2011-03-16,1,0,3,0,3,1,2,0.365217,0.36693,0.776522,0.203117,321,1871,2192,2056.0,1891.0,1877.4285714285713
75,76,2011-03-17,1,0,3,0,4,1,1,0.415,0.410333,0.602917,0.209579,424,2320,2744,2192.0,623.0,1920.4285714285713
76,77,2011-03-18,1,0,3,0,5,1,1,0.54,0.527009,0.525217,0.231017,884,2355,3239,2744.0,1977.0,2223.4285714285716
77,78,2011-03-19,1,0,3,0,6,0,1,0.4725,0.466525,0.379167,0.368167,1424,1693,3117,3239.0,2132.0,2403.714285714286
78,79,2011-03-20,1,0,3,0,0,0,1,0.3325,0.32575,0.47375,0.207721,1047,1424,2471,3117.0,2417.0,2544.4285714285716
79,80,2011-03-21,2,0,3,0,1,1,2,0.430435,0.409735,0.737391,0.288783,401,1676,2077,2471.0,2046.0,2552.1428571428573
80,81,2011-03-22,2,0,3,0,2,1,1,0.441667,0.440642,0.624583,0.22575,460,2243,2703,2077.0,2056.0,2556.5714285714284
81,82,2011-03-23,2,0,3,0,3,1,2,0.346957,0.337939,0.839565,0.234261,203,1918,2121,2703.0,2192.0,2649.0
82,83,2011-03-24,2,0,3,0,4,1,2,0.285,0.270833,0.805833,0.243787,166,1699,1865,2121.0,2744.0,2638.8571428571427
83,84,2011-03-25,2,0,3,0,5,1,1,0.264167,0.256312,0.495,0.230725,300,1910,2210,1865.0,3239.0,2513.285714285714
84,85,2011-03-26,2,0,3,0,6,0,1,0.265833,0.257571,0.394167,0.209571,981,1515,2496,2210.0,3117.0,2366.285714285714
85,86,2011-03-27,2,0,3,0,0,0,2,0.253043,0.250339,0.493913,0.1843,472,1221,1693,2496.0,2471.0,2277.5714285714284
86,87,2011-03-28,2,0,3,0,1,1,1,0.264348,0.257574,0.302174,0.212204,222,1806,2028,1693.0,2077.0,2166.4285714285716
87,88,2011-03-29,2,0,3,0,2,1,1,0.3025,0.292908,0.314167,0.226996,317,2108,2425,2028.0,2703.0,2159.4285714285716
88,89,2011-03-30,2,0,3,0,3,1,2,0.3,0.29735,0.646667,0.172888,168,1368,1536,2425.0,2121.0,2119.714285714286
89,90,2011-03-31,2,0,3,0,4,1,3,0.268333,0.257575,0.918333,0.217646,179,1506,1685,1536.0,1865.0,2036.142857142857
90,91,2011-04-01,2,0,4,0,5,1,2,0.3,0.283454,0.68625,0.258708,307,1920,2227,1685.0,2210.0,2010.4285714285713
91,92,2011-04-02,2,0,4,0,6,0,2,0.315,0.315637,0.65375,0.197146,898,1354,2252,2227.0,2496.0,2012.857142857143
92,93,2011-04-03,2,0,4,0,0,0,1,0.378333,0.378767,0.48,0.182213,1651,1598,3249,2252.0,1693.0,1978.0
93,94,2011-04-04,2,0,4,0,1,1,1,0.573333,0.542929,0.42625,0.385571,734,2381,3115,3249.0,2028.0,2200.285714285714
94,95,2011-04-05,2,0,4,0,2,1,2,0.414167,0.39835,0.642083,0.388067,167,1628,1795,3115.0,2425.0,2355.5714285714284
95,96,2011-04-06,2,0,4,0,3,1,1,0.390833,0.387608,0.470833,0.263063,413,2395,2808,1795.0,1536.0,2265.5714285714284
96,97,2011-04-07,2,0,4,0,4,1,1,0.4375,0.433696,0.602917,0.162312,571,2570,3141,2808.0,1685.0,2447.285714285714
97,98,2011-04-08,2,0,4,0,5,1,2,0.335833,0.324479,0.83625,0.226992,172,1299,1471,3141.0,2227.0,2655.285714285714
98,99,2011-04-09,2,0,4,0,6,0,2,0.3425,0.341529,0.8775,0.133083,879,1576,2455,1471.0,2252.0,2547.285714285714
99,100,2011-04-10,2,0,4,0,0,0,2,0.426667,0.426737,0.8575,0.146767,1188,1707,2895,2455.0,3249.0,2576.285714285714
100,101,2011-04-11,2,0,4,0,1,1,2,0.595652,0.565217,0.716956,0.324474,855,2493,3348,2895.0,3115.0,2525.714285714286
101,102,2011-04-12,2,0,4,0,2,1,2,0.5025,0.493054,0.739167,0.274879,257,1777,2034,3348.0,1795.0,2559.0
102,103,2011-04-13,2,0,4,0,3,1,2,0.4125,0.417283,0.819167,0.250617,209,1953,2162,2034.0,2808.0,2593.1428571428573
103,104,2011-04-14,2,0,4,0,4,1,1,0.4675,0.462742,0.540417,0.1107,529,2738,3267,2162.0,3141.0,2500.8571428571427
104,105,2011-04-15,2,0,4,1,5,0,1,0.446667,0.441913,0.67125,0.226375,642,2484,3126,3267.0,1471.0,2518.8571428571427
105,106,2011-04-16,2,0,4,0,6,0,3,0.430833,0.425492,0.888333,0.340808,121,674,795,3126.0,2455.0,2755.285714285714
106,107,2011-04-17,2,0,4,0,0,0,1,0.456667,0.445696,0.479583,0.303496,1558,2186,3744,795.0,2895.0,2518.1428571428573
107,108,2011-04-18,2,0,4,0,1,1,1,0.5125,0.503146,0.5425,0.163567,669,2760,3429,3744.0,3348.0,2639.4285714285716
108,109,2011-04-19,2,0,4,0,2,1,2,0.505833,0.489258,0.665833,0.157971,409,2795,3204,3429.0,2034.0,2651.0
109,110,2011-04-20,2,0,4,0,3,1,1,0.595,0.564392,0.614167,0.241925,613,3331,3944,3204.0,2162.0,2818.1428571428573
110,111,2011-04-21,2,0,4,0,4,1,1,0.459167,0.453892,0.407083,0.325258,745,3444,4189,3944.0,3267.0,3072.714285714286
111,112,2011-04-22,2,0,4,0,5,1,2,0.336667,0.321954,0.729583,0.219521,177,1506,1683,4189.0,3126.0,3204.4285714285716
112,113,2011-04-23,2,0,4,0,6,0,2,0.46,0.450121,0.887917,0.230725,1462,2574,4036,1683.0,795.0,2998.285714285714
113,114,2011-04-24,2,0,4,0,0,0,2,0.581667,0.551763,0.810833,0.192175,1710,2481,4191,4036.0,3744.0,3461.285714285714
114,115,2011-04-25,2,0,4,0,1,1,1,0.606667,0.5745,0.776667,0.185333,773,3300,4073,4191.0,3429.0,3525.1428571428573
115,116,2011-04-26,2,0,4,0,2,1,1,0.631667,0.594083,0.729167,0.3265,678,3722,4400,4073.0,3204.0,3617.1428571428573
116,117,2011-04-27,2,0,4,0,3,1,2,0.62,0.575142,0.835417,0.3122,547,3325,3872,4400.0,3944.0,3788.0
117,118,2011-04-28,2,0,4,0,4,1,2,0.6175,0.578929,0.700833,0.320908,569,3489,4058,3872.0,4189.0,3777.714285714286
118,119,2011-04-29,2,0,4,0,5,1,1,0.51,0.497463,0.457083,0.240063,878,3717,4595,4058.0,1683.0,3759.0
119,120,2011-04-30,2,0,4,0,6,0,1,0.4725,0.464021,0.503333,0.235075,1965,3347,5312,4595.0,4036.0,4175.0
120,121,2011-05-01,2,0,5,0,0,0,2,0.451667,0.448204,0.762083,0.106354,1138,2213,3351,5312.0,4191.0,4357.285714285715
121,122,2011-05-02,2,0,5,0,1,1,2,0.549167,0.532833,0.73,0.183454,847,3554,4401,3351.0,4073.0,4237.285714285715
122,123,2011-05-03,2,0,5,0,2,1,2,0.616667,0.582079,0.697083,0.342667,603,3848,4451,4401.0,4400.0,4284.142857142857
123,124,2011-05-04,2,0,5,0,3,1,2,0.414167,0.40465,0.737083,0.328996,255,2378,2633,4451.0,3872.0,4291.428571428572
124,125,2011-05-05,2,0,5,0,4,1,1,0.459167,0.441917,0.444167,0.295392,614,3819,4433,2633.0,4058.0,4114.428571428572
125,126,2011-05-06,2,0,5,0,5,1,1,0.479167,0.474117,0.59,0.228246,894,3714,4608,4433.0,4595.0,4168.0
126,127,2011-05-07,2,0,5,0,6,0,1,0.52,0.512621,0.54125,0.16045,1612,3102,4714,4608.0,5312.0,4169.857142857143
127,128,2011-05-08,2,0,5,0,0,0,1,0.528333,0.518933,0.631667,0.0746375,1401,2932,4333,4714.0,3351.0,4084.4285714285716
128,129,2011-05-09,2,0,5,0,1,1,1,0.5325,0.525246,0.58875,0.176,664,3698,4362,4333.0,4401.0,4224.714285714285
129,130,2011-05-10,2,0,5,0,2,1,1,0.5325,0.522721,0.489167,0.115671,694,4109,4803,4362.0,4451.0,4219.142857142857
130,131,2011-05-11,2,0,5,0,3,1,1,0.5425,0.5284,0.632917,0.120642,550,3632,4182,4803.0,2633.0,4269.428571428572
131,132,2011-05-12,2,0,5,0,4,1,1,0.535,0.523363,0.7475,0.189667,695,4169,4864,4182.0,4433.0,4490.714285714285
132,133,2011-05-13,2,0,5,0,5,1,2,0.5125,0.4943,0.863333,0.179725,692,3413,4105,4864.0,4608.0,4552.285714285715
133,134,2011-05-14,2,0,5,0,6,0,2,0.520833,0.500629,0.9225,0.13495,902,2507,3409,4105.0,4714.0,4480.428571428572
134,135,2011-05-15,2,0,5,0,0,0,2,0.5625,0.536,0.867083,0.152979,1582,2971,4553,3409.0,4333.0,4294.0
135,136,2011-05-16,2,0,5,0,1,1,1,0.5775,0.550512,0.787917,0.126871,773,3185,3958,4553.0,4362.0,4325.428571428572
136,137,2011-05-17,2,0,5,0,2,1,2,0.561667,0.538529,0.837917,0.277354,678,3445,4123,3958.0,4803.0,4267.714285714285
137,138,2011-05-18,2,0,5,0,3,1,2,0.55,0.527158,0.87,0.201492,536,3319,3855,4123.0,4182.0,4170.571428571428
138,139,2011-05-19,2,0,5,0,4,1,2,0.530833,0.510742,0.829583,0.108213,735,3840,4575,3855.0,4864.0,4123.857142857143
139,140,2011-05-20,2,0,5,0,5,1,1,0.536667,0.529042,0.719583,0.125013,909,4008,4917,4575.0,4105.0,4082.5714285714284
140,141,2011-05-21,2,0,5,0,6,0,1,0.6025,0.571975,0.626667,0.12065,2258,3547,5805,4917.0,3409.0,4198.571428571428
141,142,2011-05-22,2,0,5,0,0,0,1,0.604167,0.5745,0.749583,0.148008,1576,3084,4660,5805.0,4553.0,4540.857142857143
142,143,2011-05-23,2,0,5,0,1,1,2,0.631667,0.590296,0.81,0.233842,836,3438,4274,4660.0,3958.0,4556.142857142857
143,144,2011-05-24,2,0,5,0,2,1,2,0.66,0.604813,0.740833,0.207092,659,3833,4492,4274.0,4123.0,4601.285714285715
144,145,2011-05-25,2,0,5,0,3,1,1,0.660833,0.615542,0.69625,0.154233,740,4238,4978,4492.0,3855.0,4654.0
145,146,2011-05-26,2,0,5,0,4,1,1,0.708333,0.654688,0.6775,0.199642,758,3919,4677,4978.0,4575.0,4814.428571428572
146,147,2011-05-27,2,0,5,0,5,1,1,0.681667,0.637008,0.65375,0.240679,871,3808,4679,4677.0,4917.0,4829.0
147,148,2011-05-28,2,0,5,0,6,0,1,0.655833,0.612379,0.729583,0.230092,2001,2757,4758,4679.0,5805.0,4795.0
148,149,2011-05-29,2,0,5,0,0,0,1,0.6675,0.61555,0.81875,0.213938,2355,2433,4788,4758.0,4660.0,4645.428571428572
149,150,2011-05-30,2,0,5,1,1,0,1,0.733333,0.671092,0.685,0.131225,1549,2549,4098,4788.0,4274.0,4663.714285714285
150,151,2011-05-31,2,0,5,0,2,1,1,0.775,0.725383,0.636667,0.111329,673,3309,3982,4098.0,4492.0,4638.571428571428
151,152,2011-06-01,2,0,6,0,3,1,2,0.764167,0.720967,0.677083,0.207092,513,3461,3974,3982.0,4978.0,4565.714285714285
152,153,2011-06-02,2,0,6,0,4,1,1,0.715,0.643942,0.305,0.292287,736,4232,4968,3974.0,4677.0,4422.285714285715
153,154,2011-06-03,2,0,6,0,5,1,1,0.62,0.587133,0.354167,0.253121,898,4414,5312,4968.0,4679.0,4463.857142857143
154,155,2011-06-04,2,0,6,0,6,0,1,0.635,0.594696,0.45625,0.123142,1869,3473,5342,5312.0,4758.0,4554.285714285715
155,156,2011-06-05,2,0,6,0,0,0,2,0.648333,0.616804,0.6525,0.138692,1685,3221,4906,5342.0,4788.0,4637.714285714285
156,157,2011-06-06,2,0,6,0,1,1,1,0.678333,0.621858,0.6,0.121896,673,3875,4548,4906.0,4098.0,4654.571428571428
157,158,2011-06-07,2,0,6,0,2,1,1,0.7075,0.65595,0.597917,0.187808,763,4070,4833,4548.0,3982.0,4718.857142857143
158,159,2011-06-08,2,0,6,0,3,1,1,0.775833,0.727279,0.622083,0.136817,676,3725,4401,4833.0,3974.0,4840.428571428572
159,160,2011-06-09,2,0,6,0,4,1,2,0.808333,0.757579,0.568333,0.149883,563,3352,3915,4401.0,4968.0,4901.428571428572
160,161,2011-06-10,2,0,6,0,5,1,1,0.755,0.703292,0.605,0.140554,815,3771,4586,3915.0,5312.0,4751.0
161,162,2011-06-11,2,0,6,0,6,0,1,0.725,0.678038,0.654583,0.15485,1729,3237,4966,4586.0,5342.0,4647.285714285715
162,163,2011-06-12,2,0,6,0,0,0,1,0.6925,0.643325,0.747917,0.163567,1467,2993,4460,4966.0,4906.0,4593.571428571428
163,164,2011-06-13,2,0,6,0,1,1,1,0.635,0.601654,0.494583,0.30535,863,4157,5020,4460.0,4548.0,4529.857142857143
164,165,2011-06-14,2,0,6,0,2,1,1,0.604167,0.591546,0.507083,0.269283,727,4164,4891,5020.0,4833.0,4597.285714285715
165,166,2011-06-15,2,0,6,0,3,1,1,0.626667,0.587754,0.471667,0.167912,769,4411,5180,4891.0,4401.0,4605.571428571428
166,167,2011-06-16,2,0,6,0,4,1,2,0.628333,0.595346,0.688333,0.206471,545,3222,3767,5180.0,3915.0,4716.857142857143
167,168,2011-06-17,2,0,6,0,5,1,1,0.649167,0.600383,0.735833,0.143029,863,3981,4844,3767.0,4586.0,4695.714285714285
168,169,2011-06-18,2,0,6,0,6,0,1,0.696667,0.643954,0.670417,0.119408,1807,3312,5119,4844.0,4966.0,4732.571428571428
169,170,2011-06-19,2,0,6,0,0,0,2,0.699167,0.645846,0.666667,0.102,1639,3105,4744,5119.0,4460.0,4754.428571428572
170,171,2011-06-20,2,0,6,0,1,1,2,0.635,0.595346,0.74625,0.155475,699,3311,4010,4744.0,5020.0,4795.0
171,172,2011-06-21,3,0,6,0,2,1,2,0.680833,0.637646,0.770417,0.171025,774,4061,4835,4010.0,4891.0,4650.714285714285
172,173,2011-06-22,3,0,6,0,3,1,1,0.733333,0.693829,0.7075,0.172262,661,3846,4507,4835.0,5180.0,4642.714285714285
173,174,2011-06-23,3,0,6,0,4,1,2,0.728333,0.693833,0.703333,0.238804,746,4044,4790,4507.0,3767.0,4546.571428571428
174,175,2011-06-24,3,0,6,0,5,1,1,0.724167,0.656583,0.573333,0.222025,969,4022,4991,4790.0,4844.0,4692.714285714285
175,176,2011-06-25,3,0,6,0,6,0,1,0.695,0.643313,0.483333,0.209571,1782,3420,5202,4991.0,5119.0,4713.714285714285
176,177,2011-06-26,3,0,6,0,0,0,1,0.68,0.637629,0.513333,0.0945333,1920,3385,5305,5202.0,4744.0,4725.571428571428
177,178,2011-06-27,3,0,6,0,1,1,2,0.6825,0.637004,0.658333,0.107588,854,3854,4708,5305.0,4010.0,4805.714285714285
178,179,2011-06-28,3,0,6,0,2,1,1,0.744167,0.692558,0.634167,0.144283,732,3916,4648,4708.0,4835.0,4905.428571428572
179,180,2011-06-29,3,0,6,0,3,1,1,0.728333,0.654688,0.497917,0.261821,848,4377,5225,4648.0,4507.0,4878.714285714285
180,181,2011-06-30,3,0,6,0,4,1,1,0.696667,0.637008,0.434167,0.185312,1027,4488,5515,5225.0,4790.0,4981.285714285715
181,182,2011-07-01,3,0,7,0,5,1,1,0.7225,0.652162,0.39625,0.102608,1246,4116,5362,5515.0,4991.0,5084.857142857143
182,183,2011-07-02,3,0,7,0,6,0,1,0.738333,0.667308,0.444583,0.115062,2204,2915,5119,5362.0,5202.0,5137.857142857143
183,184,2011-07-03,3,0,7,0,0,0,2,0.716667,0.668575,0.6825,0.228858,2282,2367,4649,5119.0,5305.0,5126.0
184,185,2011-07-04,3,0,7,1,1,0,2,0.726667,0.665417,0.637917,0.0814792,3065,2978,6043,4649.0,4708.0,5032.285714285715
185,186,2011-07-05,3,0,7,0,2,1,1,0.746667,0.696338,0.590417,0.126258,1031,3634,4665,6043.0,4648.0,5223.0
186,187,2011-07-06,3,0,7,0,3,1,1,0.72,0.685633,0.743333,0.149883,784,3845,4629,4665.0,5225.0,5225.428571428572
187,188,2011-07-07,3,0,7,0,4,1,1,0.75,0.686871,0.65125,0.1592,754,3838,4592,4629.0,5515.0,5140.285714285715
188,189,2011-07-08,3,0,7,0,5,1,2,0.709167,0.670483,0.757917,0.225129,692,3348,4040,4592.0,5362.0,5008.428571428572
189,190,2011-07-09,3,0,7,0,6,0,1,0.733333,0.664158,0.609167,0.167912,1988,3348,5336,4040.0,5119.0,4819.571428571428
190,191,2011-07-10,3,0,7,0,0,0,1,0.7475,0.690025,0.578333,0.183471,1743,3138,4881,5336.0,4649.0,4850.571428571428
191,192,2011-07-11,3,0,7,0,1,1,1,0.7625,0.729804,0.635833,0.282337,723,3363,4086,4881.0,6043.0,4883.714285714285
192,193,2011-07-12,3,0,7,0,2,1,1,0.794167,0.739275,0.559167,0.200254,662,3596,4258,4086.0,4665.0,4604.142857142857
193,194,2011-07-13,3,0,7,0,3,1,1,0.746667,0.689404,0.631667,0.146133,748,3594,4342,4258.0,4629.0,4546.0
194,195,2011-07-14,3,0,7,0,4,1,1,0.680833,0.635104,0.47625,0.240667,888,4196,5084,4342.0,4592.0,4505.0
195,196,2011-07-15,3,0,7,0,5,1,1,0.663333,0.624371,0.59125,0.182833,1318,4220,5538,5084.0,4040.0,4575.285714285715
196,197,2011-07-16,3,0,7,0,6,0,1,0.686667,0.638263,0.585,0.208342,2418,3505,5923,5538.0,5336.0,4789.285714285715
197,198,2011-07-17,3,0,7,0,0,0,1,0.719167,0.669833,0.604167,0.245033,2006,3296,5302,5923.0,4881.0,4873.142857142857
198,199,2011-07-18,3,0,7,0,1,1,1,0.746667,0.703925,0.65125,0.215804,841,3617,4458,5302.0,4086.0,4933.285714285715
199,200,2011-07-19,3,0,7,0,2,1,1,0.776667,0.747479,0.650417,0.1306,752,3789,4541,4458.0,4258.0,4986.428571428572
200,201,2011-07-20,3,0,7,0,3,1,1,0.768333,0.74685,0.707083,0.113817,644,3688,4332,4541.0,4342.0,5026.857142857143
201,202,2011-07-21,3,0,7,0,4,1,2,0.815,0.826371,0.69125,0.222021,632,3152,3784,4332.0,5084.0,5025.428571428572
202,203,2011-07-22,3,0,7,0,5,1,1,0.848333,0.840896,0.580417,0.1331,562,2825,3387,3784.0,5538.0,4839.714285714285
203,204,2011-07-23,3,0,7,0,6,0,1,0.849167,0.804287,0.5,0.131221,987,2298,3285,3387.0,5923.0,4532.428571428572
204,205,2011-07-24,3,0,7,0,0,0,1,0.83,0.794829,0.550833,0.169171,1050,2556,3606,3285.0,5302.0,4155.571428571428
205,206,2011-07-25,3,0,7,0,1,1,1,0.743333,0.720958,0.757083,0.0908083,568,3272,3840,3606.0,4458.0,3913.285714285714
206,207,2011-07-26,3,0,7,0,2,1,1,0.771667,0.696979,0.540833,0.200258,750,3840,4590,3840.0,4541.0,3825.0
207,208,2011-07-27,3,0,7,0,3,1,1,0.775,0.690667,0.402917,0.183463,755,3901,4656,4590.0,4332.0,3832.0
208,209,2011-07-28,3,0,7,0,4,1,1,0.779167,0.7399,0.583333,0.178479,606,3784,4390,4656.0,3784.0,3878.285714285714
209,210,2011-07-29,3,0,7,0,5,1,1,0.838333,0.785967,0.5425,0.174138,670,3176,3846,4390.0,3387.0,3964.8571428571427
210,211,2011-07-30,3,0,7,0,6,0,1,0.804167,0.728537,0.465833,0.168537,1559,2916,4475,3846.0,3285.0,4030.4285714285716
211,212,2011-07-31,3,0,7,0,0,0,1,0.805833,0.729796,0.480833,0.164813,1524,2778,4302,4475.0,3606.0,4200.428571428572
212,213,2011-08-01,3,0,8,0,1,1,1,0.771667,0.703292,0.550833,0.156717,729,3537,4266,4302.0,3840.0,4299.857142857143
213,214,2011-08-02,3,0,8,0,2,1,1,0.783333,0.707071,0.49125,0.20585,801,4044,4845,4266.0,4590.0,4360.714285714285
214,215,2011-08-03,3,0,8,0,3,1,2,0.731667,0.679937,0.6575,0.135583,467,3107,3574,4845.0,4656.0,4397.142857142857
215,216,2011-08-04,3,0,8,0,4,1,2,0.71,0.664788,0.7575,0.19715,799,3777,4576,3574.0,4390.0,4242.571428571428
216,217,2011-08-05,3,0,8,0,5,1,1,0.710833,0.656567,0.630833,0.184696,1023,3843,4866,4576.0,3846.0,4269.142857142857
217,218,2011-08-06,3,0,8,0,6,0,2,0.716667,0.676154,0.755,0.22825,1521,2773,4294,4866.0,4475.0,4414.857142857143
218,219,2011-08-07,3,0,8,0,0,0,1,0.7425,0.715292,0.752917,0.201487,1298,2487,3785,4294.0,4302.0,4389.0
219,220,2011-08-08,3,0,8,0,1,1,1,0.765,0.703283,0.592083,0.192175,846,3480,4326,3785.0,4266.0,4315.142857142857
220,221,2011-08-09,3,0,8,0,2,1,1,0.775,0.724121,0.570417,0.151121,907,3695,4602,4326.0,4845.0,4323.714285714285
221,222,2011-08-10,3,0,8,0,3,1,1,0.766667,0.684983,0.424167,0.200258,884,3896,4780,4602.0,3574.0,4289.0
222,223,2011-08-11,3,0,8,0,4,1,1,0.7175,0.651521,0.42375,0.164796,812,3980,4792,4780.0,4576.0,4461.285714285715
223,224,2011-08-12,3,0,8,0,5,1,1,0.708333,0.654042,0.415,0.125621,1051,3854,4905,4792.0,4866.0,4492.142857142857
224,225,2011-08-13,3,0,8,0,6,0,2,0.685833,0.645858,0.729583,0.211454,1504,2646,4150,4905.0,4294.0,4497.714285714285
225,226,2011-08-14,3,0,8,0,0,0,2,0.676667,0.624388,0.8175,0.222633,1338,2482,3820,4150.0,3785.0,4477.142857142857
226,227,2011-08-15,3,0,8,0,1,1,1,0.665833,0.616167,0.712083,0.208954,775,3563,4338,3820.0,4326.0,4482.142857142857
227,228,2011-08-16,3,0,8,0,2,1,1,0.700833,0.645837,0.578333,0.236329,721,4004,4725,4338.0,4602.0,4483.857142857143
228,229,2011-08-17,3,0,8,0,3,1,1,0.723333,0.666671,0.575417,0.143667,668,4026,4694,4725.0,4780.0,4501.428571428572
229,230,2011-08-18,3,0,8,0,4,1,1,0.711667,0.662258,0.654583,0.233208,639,3166,3805,4694.0,4792.0,4489.142857142857
230,231,2011-08-19,3,0,8,0,5,1,2,0.685,0.633221,0.722917,0.139308,797,3356,4153,3805.0,4905.0,4348.142857142857
231,232,2011-08-20,3,0,8,0,6,0,1,0.6975,0.648996,0.674167,0.104467,1914,3277,5191,4153.0,4150.0,4240.714285714285
232,233,2011-08-21,3,0,8,0,0,0,1,0.710833,0.675525,0.77,0.248754,1249,2624,3873,5191.0,3820.0,4389.428571428572
233,234,2011-08-22,3,0,8,0,1,1,1,0.691667,0.638254,0.47,0.27675,833,3925,4758,3873.0,4338.0,4397.0
234,235,2011-08-23,3,0,8,0,2,1,1,0.640833,0.606067,0.455417,0.146763,1281,4614,5895,4758.0,4725.0,4457.0
235,236,2011-08-24,3,0,8,0,3,1,1,0.673333,0.630692,0.605,0.253108,949,4181,5130,5895.0,4694.0,4624.142857142857
236,237,2011-08-25,3,0,8,0,4,1,2,0.684167,0.645854,0.771667,0.210833,435,3107,3542,5130.0,3805.0,4686.428571428572
237,238,2011-08-26,3,0,8,0,5,1,1,0.7,0.659733,0.76125,0.0839625,768,3893,4661,3542.0,4153.0,4648.857142857143
238,239,2011-08-27,3,0,8,0,6,0,2,0.68,0.635556,0.85,0.375617,226,889,1115,4661.0,5191.0,4721.428571428572
239,240,2011-08-28,3,0,8,0,0,0,1,0.707059,0.647959,0.561765,0.304659,1415,2919,4334,1115.0,3873.0,4139.142857142857
240,241,2011-08-29,3,0,8,0,1,1,1,0.636667,0.607958,0.554583,0.159825,729,3905,4634,4334.0,4758.0,4205.0
241,242,2011-08-30,3,0,8,0,2,1,1,0.639167,0.594704,0.548333,0.125008,775,4429,5204,4634.0,5895.0,4187.285714285715
242,243,2011-08-31,3,0,8,0,3,1,1,0.656667,0.611121,0.597917,0.0833333,688,4370,5058,5204.0,5130.0,4088.5714285714284
243,244,2011-09-01,3,0,9,0,4,1,1,0.655,0.614921,0.639167,0.141796,783,4332,5115,5058.0,3542.0,4078.285714285714
244,245,2011-09-02,3,0,9,0,5,1,2,0.643333,0.604808,0.727083,0.139929,875,3852,4727,5115.0,4661.0,4303.0
245,246,2011-09-03,3,0,9,0,6,0,1,0.669167,0.633213,0.716667,0.185325,1935,2549,4484,4727.0,1115.0,4312.428571428572
246,247,2011-09-04,3,0,9,0,0,0,1,0.709167,0.665429,0.742083,0.206467,2521,2419,4940,4484.0,4334.0,4793.714285714285
247,248,2011-09-05,3,0,9,1,1,0,2,0.673333,0.625646,0.790417,0.212696,1236,2115,3351,4940.0,4634.0,4880.285714285715
248,249,2011-09-06,3,0,9,0,2,1,3,0.54,0.5152,0.886957,0.343943,204,2506,2710,3351.0,5204.0,4697.0
249,250,2011-09-07,3,0,9,0,3,1,3,0.599167,0.544229,0.917083,0.0970208,118,1878,1996,2710.0,5058.0,4340.714285714285
250,251,2011-09-08,3,0,9,0,4,1,3,0.633913,0.555361,0.939565,0.192748,153,1689,1842,1996.0,5115.0,3903.285714285714
251,252,2011-09-09,3,0,9,0,5,1,2,0.65,0.578946,0.897917,0.124379,417,3127,3544,1842.0,4727.0,3435.714285714286
252,253,2011-09-10,3,0,9,0,6,0,1,0.66,0.607962,0.75375,0.153608,1750,3595,5345,3544.0,4484.0,3266.714285714286
253,254,2011-09-11,3,0,9,0,0,0,1,0.653333,0.609229,0.71375,0.115054,1633,3413,5046,5345.0,4940.0,3389.714285714286
254,255,2011-09-12,3,0,9,0,1,1,1,0.644348,0.60213,0.692174,0.088913,690,4023,4713,5046.0,3351.0,3404.8571428571427
255,256,2011-09-13,3,0,9,0,2,1,1,0.650833,0.603554,0.7125,0.141804,701,4062,4763,4713.0,2710.0,3599.4285714285716
256,257,2011-09-14,3,0,9,0,3,1,1,0.673333,0.6269,0.697083,0.1673,647,4138,4785,4763.0,1996.0,3892.714285714286
257,258,2011-09-15,3,0,9,0,4,1,2,0.5775,0.553671,0.709167,0.271146,428,3231,3659,4785.0,1842.0,4291.142857142857
258,259,2011-09-16,3,0,9,0,5,1,2,0.469167,0.461475,0.590417,0.164183,742,4018,4760,3659.0,3544.0,4550.714285714285
259,260,2011-09-17,3,0,9,0,6,0,2,0.491667,0.478512,0.718333,0.189675,1434,3077,4511,4760.0,5345.0,4724.428571428572
260,261,2011-09-18,3,0,9,0,0,0,1,0.5075,0.490537,0.695,0.178483,1353,2921,4274,4511.0,5046.0,4605.285714285715
261,262,2011-09-19,3,0,9,0,1,1,2,0.549167,0.529675,0.69,0.151742,691,3848,4539,4274.0,4713.0,4495.0
262,263,2011-09-20,3,0,9,0,2,1,2,0.561667,0.532217,0.88125,0.134954,438,3203,3641,4539.0,4763.0,4470.142857142857
263,264,2011-09-21,3,0,9,0,3,1,2,0.595,0.550533,0.9,0.0964042,539,3813,4352,3641.0,4785.0,4309.857142857143
264,265,2011-09-22,3,0,9,0,4,1,2,0.628333,0.554963,0.902083,0.128125,555,4240,4795,4352.0,3659.0,4248.0
265,266,2011-09-23,4,0,9,0,5,1,2,0.609167,0.522125,0.9725,0.0783667,258,2137,2395,4795.0,4760.0,4410.285714285715
266,267,2011-09-24,4,0,9,0,6,0,2,0.606667,0.564412,0.8625,0.0783833,1776,3647,5423,2395.0,4511.0,4072.4285714285716
267,268,2011-09-25,4,0,9,0,0,0,2,0.634167,0.572637,0.845,0.0503792,1544,3466,5010,5423.0,4274.0,4202.714285714285
268,269,2011-09-26,4,0,9,0,1,1,2,0.649167,0.589042,0.848333,0.1107,684,3946,4630,5010.0,4539.0,4307.857142857143
269,270,2011-09-27,4,0,9,0,2,1,2,0.636667,0.574525,0.885417,0.118171,477,3643,4120,4630.0,3641.0,4320.857142857143
270,271,2011-09-28,4,0,9,0,3,1,2,0.635,0.575158,0.84875,0.148629,480,3427,3907,4120.0,4352.0,4389.285714285715
271,272,2011-09-29,4,0,9,0,4,1,1,0.616667,0.574512,0.699167,0.172883,653,4186,4839,3907.0,4795.0,4325.714285714285
272,273,2011-09-30,4,0,9,0,5,1,1,0.564167,0.544829,0.6475,0.206475,830,4372,5202,4839.0,2395.0,4332.0
273,274,2011-10-01,4,0,10,0,6,0,2,0.41,0.412863,0.75375,0.292296,480,1949,2429,5202.0,5423.0,4733.0
274,275,2011-10-02,4,0,10,0,0,0,2,0.356667,0.345317,0.791667,0.222013,616,2302,2918,2429.0,5010.0,4305.285714285715
275,276,2011-10-03,4,0,10,0,1,1,2,0.384167,0.392046,0.760833,0.0833458,330,3240,3570,2918.0,4630.0,4006.4285714285716
276,277,2011-10-04,4,0,10,0,2,1,1,0.484167,0.472858,0.71,0.205854,486,3970,4456,3570.0,4120.0,3855.0
277,278,2011-10-05,4,0,10,0,3,1,1,0.538333,0.527138,0.647917,0.17725,559,4267,4826,4456.0,3907.0,3903.0
278,279,2011-10-06,4,0,10,0,4,1,1,0.494167,0.480425,0.620833,0.134954,639,4126,4765,4826.0,4839.0,4034.285714285714
279,280,2011-10-07,4,0,10,0,5,1,1,0.510833,0.504404,0.684167,0.0223917,949,4036,4985,4765.0,5202.0,4023.714285714286
280,281,2011-10-08,4,0,10,0,6,0,1,0.521667,0.513242,0.70125,0.0454042,2235,3174,5409,4985.0,2429.0,3992.714285714286
281,282,2011-10-09,4,0,10,0,0,0,1,0.540833,0.523983,0.7275,0.06345,2397,3114,5511,5409.0,2918.0,4418.428571428572
282,283,2011-10-10,4,0,10,1,1,0,1,0.570833,0.542925,0.73375,0.0423042,1514,3603,5117,5511.0,3570.0,4788.857142857143
283,284,2011-10-11,4,0,10,0,2,1,2,0.566667,0.546096,0.80875,0.143042,667,3896,4563,5117.0,4456.0,5009.857142857143
284,285,2011-10-12,4,0,10,0,3,1,3,0.543333,0.517717,0.90625,0.24815,217,2199,2416,4563.0,4826.0,5025.142857142857
285,286,2011-10-13,4,0,10,0,4,1,2,0.589167,0.551804,0.896667,0.141787,290,2623,2913,2416.0,4765.0,4680.857142857143
286,287,2011-10-14,4,0,10,0,5,1,2,0.550833,0.529675,0.71625,0.223883,529,3115,3644,2913.0,4985.0,4416.285714285715
287,288,2011-10-15,4,0,10,0,6,0,1,0.506667,0.498725,0.483333,0.258083,1899,3318,5217,3644.0,5409.0,4224.714285714285
288,289,2011-10-16,4,0,10,0,0,0,1,0.511667,0.503154,0.486667,0.281717,1748,3293,5041,5217.0,5511.0,4197.285714285715
289,290,2011-10-17,4,0,10,0,1,1,1,0.534167,0.510725,0.579583,0.175379,713,3857,4570,5041.0,5117.0,4130.142857142857
290,291,2011-10-18,4,0,10,0,2,1,2,0.5325,0.522721,0.701667,0.110087,637,4111,4748,4570.0,4563.0,4052.0
291,292,2011-10-19,4,0,10,0,3,1,3,0.541739,0.513848,0.895217,0.243339,254,2170,2424,4748.0,2416.0,4078.4285714285716
292,293,2011-10-20,4,0,10,0,4,1,1,0.475833,0.466525,0.63625,0.422275,471,3724,4195,2424.0,2913.0,4079.5714285714284
293,294,2011-10-21,4,0,10,0,5,1,1,0.4275,0.423596,0.574167,0.221396,676,3628,4304,4195.0,3644.0,4262.714285714285
294,295,2011-10-22,4,0,10,0,6,0,1,0.4225,0.425492,0.629167,0.0926667,1499,2809,4308,4304.0,5217.0,4357.0
295,296,2011-10-23,4,0,10,0,0,0,1,0.421667,0.422333,0.74125,0.0995125,1619,2762,4381,4308.0,5041.0,4227.142857142857
296,297,2011-10-24,4,0,10,0,1,1,1,0.463333,0.457067,0.772083,0.118792,699,3488,4187,4381.0,4570.0,4132.857142857143
297,298,2011-10-25,4,0,10,0,2,1,1,0.471667,0.463375,0.622917,0.166658,695,3992,4687,4187.0,4748.0,4078.1428571428573
298,299,2011-10-26,4,0,10,0,3,1,2,0.484167,0.472846,0.720417,0.148642,404,3490,3894,4687.0,2424.0,4069.4285714285716
299,300,2011-10-27,4,0,10,0,4,1,2,0.47,0.457046,0.812917,0.197763,240,2419,2659,3894.0,4195.0,4279.428571428572
300,301,2011-10-28,4,0,10,0,5,1,2,0.330833,0.318812,0.585833,0.229479,456,3291,3747,2659.0,4304.0,4060.0
301,302,2011-10-29,4,0,10,0,6,0,3,0.254167,0.227913,0.8825,0.351371,57,570,627,3747.0,4308.0,3980.4285714285716
302,303,2011-10-30,4,0,10,0,0,0,1,0.319167,0.321329,0.62375,0.176617,885,2446,3331,627.0,4381.0,3454.5714285714284
303,304,2011-10-31,4,0,10,0,1,1,1,0.34,0.356063,0.703333,0.10635,362,3307,3669,3331.0,4187.0,3304.5714285714284
304,305,2011-11-01,4,0,11,0,2,1,1,0.400833,0.397088,0.68375,0.135571,410,3658,4068,3669.0,4687.0,3230.5714285714284
305,306,2011-11-02,4,0,11,0,3,1,1,0.3775,0.390133,0.71875,0.0820917,370,3816,4186,4068.0,3894.0,3142.1428571428573
306,307,2011-11-03,4,0,11,0,4,1,1,0.408333,0.405921,0.702083,0.136817,318,3656,3974,4186.0,2659.0,3183.8571428571427
307,308,2011-11-04,4,0,11,0,5,1,2,0.403333,0.403392,0.6225,0.271779,470,3576,4046,3974.0,3747.0,3371.714285714286
308,309,2011-11-05,4,0,11,0,6,0,1,0.326667,0.323854,0.519167,0.189062,1156,2770,3926,4046.0,627.0,3414.4285714285716
309,310,2011-11-06,4,0,11,0,0,0,1,0.348333,0.362358,0.734583,0.0920542,952,2697,3649,3926.0,3331.0,3885.714285714286
310,311,2011-11-07,4,0,11,0,1,1,1,0.395,0.400871,0.75875,0.057225,373,3662,4035,3649.0,3669.0,3931.1428571428573
311,312,2011-11-08,4,0,11,0,2,1,1,0.408333,0.412246,0.721667,0.0690375,376,3829,4205,4035.0,4068.0,3983.4285714285716
312,313,2011-11-09,4,0,11,0,3,1,1,0.4,0.409079,0.758333,0.0621958,305,3804,4109,4205.0,4186.0,4003.0
313,314,2011-11-10,4,0,11,0,4,1,2,0.38,0.373721,0.813333,0.189067,190,2743,2933,4109.0,3974.0,3992.0
314,315,2011-11-11,4,0,11,1,5,0,1,0.324167,0.306817,0.44625,0.314675,440,2928,3368,2933.0,4046.0,3843.285714285714
315,316,2011-11-12,4,0,11,0,6,0,1,0.356667,0.357942,0.552917,0.212062,1275,2792,4067,3368.0,3926.0,3746.4285714285716
316,317,2011-11-13,4,0,11,0,0,0,1,0.440833,0.43055,0.458333,0.281721,1004,2713,3717,4067.0,3649.0,3766.5714285714284
317,318,2011-11-14,4,0,11,0,1,1,1,0.53,0.524612,0.587083,0.306596,595,3891,4486,3717.0,4035.0,3776.285714285714
318,319,2011-11-15,4,0,11,0,2,1,2,0.53,0.507579,0.68875,0.199633,449,3746,4195,4486.0,4205.0,3840.714285714286
319,320,2011-11-16,4,0,11,0,3,1,3,0.456667,0.451988,0.93,0.136829,145,1672,1817,4195.0,4109.0,3839.285714285714
320,321,2011-11-17,4,0,11,0,4,1,2,0.341667,0.323221,0.575833,0.305362,139,2914,3053,1817.0,2933.0,3511.8571428571427
321,322,2011-11-18,4,0,11,0,5,1,1,0.274167,0.272721,0.41,0.168533,245,3147,3392,3053.0,3368.0,3529.0
322,323,2011-11-19,4,0,11,0,6,0,1,0.329167,0.324483,0.502083,0.224496,943,2720,3663,3392.0,4067.0,3532.4285714285716
323,324,2011-11-20,4,0,11,0,0,0,2,0.463333,0.457058,0.684583,0.18595,787,2733,3520,3663.0,3717.0,3474.714285714286
324,325,2011-11-21,4,0,11,0,1,1,3,0.4475,0.445062,0.91,0.138054,220,2545,2765,3520.0,4486.0,3446.5714285714284
325,326,2011-11-22,4,0,11,0,2,1,3,0.416667,0.421696,0.9625,0.118792,69,1538,1607,2765.0,4195.0,3200.714285714286
326,327,2011-11-23,4,0,11,0,3,1,2,0.440833,0.430537,0.757917,0.335825,112,2454,2566,1607.0,1817.0,2831.0
327,328,2011-11-24,4,0,11,1,4,0,1,0.373333,0.372471,0.549167,0.167304,560,935,1495,2566.0,3053.0,2938.0
328,329,2011-11-25,4,0,11,0,5,1,1,0.375,0.380671,0.64375,0.0988958,1095,1697,2792,1495.0,3392.0,2715.4285714285716
329,330,2011-11-26,4,0,11,0,6,0,1,0.375833,0.385087,0.681667,0.0684208,1249,1819,3068,2792.0,3663.0,2629.714285714286
330,331,2011-11-27,4,0,11,0,0,0,1,0.459167,0.4558,0.698333,0.208954,810,2261,3071,3068.0,3520.0,2544.714285714286
331,332,2011-11-28,4,0,11,0,1,1,1,0.503478,0.490122,0.743043,0.142122,253,3614,3867,3071.0,2765.0,2480.5714285714284
332,333,2011-11-29,4,0,11,0,2,1,2,0.458333,0.451375,0.830833,0.258092,96,2818,2914,3867.0,1607.0,2638.0
333,334,2011-11-30,4,0,11,0,3,1,1,0.325,0.311221,0.613333,0.271158,188,3425,3613,2914.0,2566.0,2824.714285714286
334,335,2011-12-01,4,0,12,0,4,1,1,0.3125,0.305554,0.524583,0.220158,182,3545,3727,3613.0,1495.0,2974.285714285714
335,336,2011-12-02,4,0,12,0,5,1,1,0.314167,0.331433,0.625833,0.100754,268,3672,3940,3727.0,2792.0,3293.1428571428573
336,337,2011-12-03,4,0,12,0,6,0,1,0.299167,0.310604,0.612917,0.0957833,706,2908,3614,3940.0,3068.0,3457.1428571428573
337,338,2011-12-04,4,0,12,0,0,0,1,0.330833,0.3491,0.775833,0.0839583,634,2851,3485,3614.0,3071.0,3535.1428571428573
338,339,2011-12-05,4,0,12,0,1,1,2,0.385833,0.393925,0.827083,0.0622083,233,3578,3811,3485.0,3867.0,3594.285714285714
339,340,2011-12-06,4,0,12,0,2,1,3,0.4625,0.4564,0.949583,0.232583,126,2468,2594,3811.0,2914.0,3586.285714285714
340,341,2011-12-07,4,0,12,0,3,1,3,0.41,0.400246,0.970417,0.266175,50,655,705,2594.0,3613.0,3540.5714285714284
341,342,2011-12-08,4,0,12,0,4,1,1,0.265833,0.256938,0.58,0.240058,150,3172,3322,705.0,3727.0,3125.1428571428573
342,343,2011-12-09,4,0,12,0,5,1,1,0.290833,0.317542,0.695833,0.0827167,261,3359,3620,3322.0,3940.0,3067.285714285714
343,344,2011-12-10,4,0,12,0,6,0,1,0.275,0.266412,0.5075,0.233221,502,2688,3190,3620.0,3614.0,3021.5714285714284
344,345,2011-12-11,4,0,12,0,0,0,1,0.220833,0.253154,0.49,0.0665417,377,2366,2743,3190.0,3485.0,2961.0
345,346,2011-12-12,4,0,12,0,1,1,1,0.238333,0.270196,0.670833,0.06345,143,3167,3310,2743.0,3811.0,2855.0
346,347,2011-12-13,4,0,12,0,2,1,1,0.2825,0.301138,0.59,0.14055,155,3368,3523,3310.0,2594.0,2783.4285714285716
347,348,2011-12-14,4,0,12,0,3,1,2,0.3175,0.338362,0.66375,0.0609583,178,3562,3740,3523.0,705.0,2916.1428571428573
348,349,2011-12-15,4,0,12,0,4,1,2,0.4225,0.412237,0.634167,0.268042,181,3528,3709,3740.0,3322.0,3349.714285714286
349,350,2011-12-16,4,0,12,0,5,1,2,0.375,0.359825,0.500417,0.260575,178,3399,3577,3709.0,3620.0,3405.0
350,351,2011-12-17,4,0,12,0,6,0,2,0.258333,0.249371,0.560833,0.243167,275,2464,2739,3577.0,3190.0,3398.8571428571427
351,352,2011-12-18,4,0,12,0,0,0,1,0.238333,0.245579,0.58625,0.169779,220,2211,2431,2739.0,2743.0,3334.4285714285716
352,353,2011-12-19,4,0,12,0,1,1,1,0.276667,0.280933,0.6375,0.172896,260,3143,3403,2431.0,3310.0,3289.8571428571427
353,354,2011-12-20,4,0,12,0,2,1,2,0.385833,0.396454,0.595417,0.0615708,216,3534,3750,3403.0,3523.0,3303.1428571428573
354,355,2011-12-21,1,0,12,0,3,1,2,0.428333,0.428017,0.858333,0.2214,107,2553,2660,3750.0,3740.0,3335.5714285714284
355,356,2011-12-22,1,0,12,0,4,1,2,0.423333,0.426121,0.7575,0.047275,227,2841,3068,2660.0,3709.0,3181.285714285714
356,357,2011-12-23,1,0,12,0,5,1,1,0.373333,0.377513,0.68625,0.274246,163,2046,2209,3068.0,3577.0,3089.714285714286
357,358,2011-12-24,1,0,12,0,6,0,1,0.3025,0.299242,0.5425,0.190304,155,856,1011,2209.0,2739.0,2894.285714285714
358,359,2011-12-25,1,0,12,0,0,0,1,0.274783,0.279961,0.681304,0.155091,303,451,754,1011.0,2431.0,2647.4285714285716
359,360,2011-12-26,1,0,12,1,1,0,1,0.321739,0.315535,0.506957,0.239465,430,887,1317,754.0,3403.0,2407.8571428571427
360,361,2011-12-27,1,0,12,0,2,1,2,0.325,0.327633,0.7625,0.18845,103,1059,1162,1317.0,3750.0,2109.8571428571427
361,362,2011-12-28,1,0,12,0,3,1,1,0.29913,0.279974,0.503913,0.293961,255,2047,2302,1162.0,2660.0,1740.142857142857
362,363,2011-12-29,1,0,12,0,4,1,1,0.248333,0.263892,0.574167,0.119412,254,2169,2423,2302.0,3068.0,1689.0
363,364,2011-12-30,1,0,12,0,5,1,1,0.311667,0.318812,0.636667,0.134337,491,2508,2999,2423.0,2209.0,1596.857142857143
364,365,2011-12-31,1,0,12,0,6,0,1,0.41,0.414121,0.615833,0.220154,665,1820,2485,2999.0,1011.0,1709.7142857142858
365,366,2012-01-01,1,1,1,0,0,0,1,0.37,0.375621,0.6925,0.192167,686,1608,2294,2485.0,754.0,1920.2857142857142
366,367,2012-01-02,1,1,1,1,1,0,1,0.273043,0.252304,0.381304,0.329665,244,1707,1951,2294.0,1317.0,2140.285714285714
367,368,2012-01-03,1,1,1,0,2,1,1,0.15,0.126275,0.44125,0.365671,89,2147,2236,1951.0,1162.0,2230.8571428571427
368,369,2012-01-04,1,1,1,0,3,1,2,0.1075,0.119337,0.414583,0.1847,95,2273,2368,2236.0,2302.0,2384.285714285714
369,370,2012-01-05,1,1,1,0,4,1,1,0.265833,0.278412,0.524167,0.129987,140,3132,3272,2368.0,2423.0,2393.714285714286
370,371,2012-01-06,1,1,1,0,5,1,1,0.334167,0.340267,0.542083,0.167908,307,3791,4098,3272.0,2999.0,2515.0
371,372,2012-01-07,1,1,1,0,6,0,1,0.393333,0.390779,0.531667,0.174758,1070,3451,4521,4098.0,2485.0,2672.0
372,373,2012-01-08,1,1,1,0,0,0,1,0.3375,0.340258,0.465,0.191542,599,2826,3425,4521.0,2294.0,2962.8571428571427
373,374,2012-01-09,1,1,1,0,1,1,2,0.224167,0.247479,0.701667,0.0989,106,2270,2376,3425.0,1951.0,3124.4285714285716
374,375,2012-01-10,1,1,1,0,2,1,1,0.308696,0.318826,0.646522,0.187552,173,3425,3598,2376.0,2236.0,3185.1428571428573
375,376,2012-01-11,1,1,1,0,3,1,2,0.274167,0.282821,0.8475,0.131221,92,2085,2177,3598.0,2368.0,3379.714285714286
376,377,2012-01-12,1,1,1,0,4,1,2,0.3825,0.381938,0.802917,0.180967,269,3828,4097,2177.0,3272.0,3352.4285714285716
377,378,2012-01-13,1,1,1,0,5,1,1,0.274167,0.249362,0.5075,0.378108,174,3040,3214,4097.0,4098.0,3470.285714285714
378,379,2012-01-14,1,1,1,0,6,0,1,0.18,0.183087,0.4575,0.187183,333,2160,2493,3214.0,4521.0,3344.0
379,380,2012-01-15,1,1,1,0,0,0,1,0.166667,0.161625,0.419167,0.251258,284,2027,2311,2493.0,3425.0,3054.285714285714
380,381,2012-01-16,1,1,1,1,1,0,1,0.19,0.190663,0.5225,0.231358,217,2081,2298,2311.0,2376.0,2895.1428571428573
381,382,2012-01-17,1,1,1,0,2,1,2,0.373043,0.364278,0.716087,0.34913,127,2808,2935,2298.0,3598.0,2884.0
382,383,2012-01-18,1,1,1,0,3,1,1,0.303333,0.275254,0.443333,0.415429,109,3267,3376,2935.0,2177.0,2789.285714285714
383,384,2012-01-19,1,1,1,0,4,1,1,0.19,0.190038,0.4975,0.220158,130,3162,3292,3376.0,4097.0,2960.5714285714284
384,385,2012-01-20,1,1,1,0,5,1,2,0.2175,0.220958,0.45,0.20275,115,3048,3163,3292.0,3214.0,2845.5714285714284
385,386,2012-01-21,1,1,1,0,6,0,2,0.173333,0.174875,0.83125,0.222642,67,1234,1301,3163.0,2493.0,2838.285714285714
386,387,2012-01-22,1,1,1,0,0,0,2,0.1625,0.16225,0.79625,0.199638,196,1781,1977,1301.0,2311.0,2668.0
387,388,2012-01-23,1,1,1,0,1,1,2,0.218333,0.243058,0.91125,0.110708,145,2287,2432,1977.0,2298.0,2620.285714285714
388,389,2012-01-24,1,1,1,0,2,1,1,0.3425,0.349108,0.835833,0.123767,439,3900,4339,2432.0,2935.0,2639.4285714285716
389,390,2012-01-25,1,1,1,0,3,1,1,0.294167,0.294821,0.64375,0.161071,467,3803,4270,4339.0,3376.0,2840.0
390,391,2012-01-26,1,1,1,0,4,1,2,0.341667,0.35605,0.769583,0.0733958,244,3831,4075,4270.0,3292.0,2967.714285714286
391,392,2012-01-27,1,1,1,0,5,1,2,0.425,0.415383,0.74125,0.342667,269,3187,3456,4075.0,3163.0,3079.5714285714284
392,393,2012-01-28,1,1,1,0,6,0,1,0.315833,0.326379,0.543333,0.210829,775,3248,4023,3456.0,1301.0,3121.4285714285716
393,394,2012-01-29,1,1,1,0,0,0,1,0.2825,0.272721,0.31125,0.24005,558,2685,3243,4023.0,1977.0,3510.285714285714
394,395,2012-01-30,1,1,1,0,1,1,1,0.269167,0.262625,0.400833,0.215792,126,3498,3624,3243.0,2432.0,3691.1428571428573
395,396,2012-01-31,1,1,1,0,2,1,1,0.39,0.381317,0.416667,0.261817,324,4185,4509,3624.0,4339.0,3861.4285714285716
396,397,2012-02-01,1,1,2,0,3,1,1,0.469167,0.466538,0.507917,0.189067,304,4275,4579,4509.0,4270.0,3885.714285714286
397,398,2012-02-02,1,1,2,0,4,1,2,0.399167,0.398971,0.672917,0.187187,190,3571,3761,4579.0,4075.0,3929.8571428571427
398,399,2012-02-03,1,1,2,0,5,1,1,0.313333,0.309346,0.526667,0.178496,310,3841,4151,3761.0,3456.0,3885.0
399,400,2012-02-04,1,1,2,0,6,0,2,0.264167,0.272725,0.779583,0.121896,384,2448,2832,4151.0,4023.0,3984.285714285714
400,401,2012-02-05,1,1,2,0,0,0,2,0.265833,0.264521,0.687917,0.175996,318,2629,2947,2832.0,3243.0,3814.1428571428573
401,402,2012-02-06,1,1,2,0,1,1,1,0.282609,0.296426,0.622174,0.1538,206,3578,3784,2947.0,3624.0,3771.8571428571427
402,403,2012-02-07,1,1,2,0,2,1,1,0.354167,0.361104,0.49625,0.147379,199,4176,4375,3784.0,4509.0,3794.714285714286
403,404,2012-02-08,1,1,2,0,3,1,2,0.256667,0.266421,0.722917,0.133721,109,2693,2802,4375.0,4579.0,3775.5714285714284
404,405,2012-02-09,1,1,2,0,4,1,1,0.265,0.261988,0.562083,0.194037,163,3667,3830,2802.0,3761.0,3521.714285714286
405,406,2012-02-10,1,1,2,0,5,1,2,0.280833,0.293558,0.54,0.116929,227,3604,3831,3830.0,4151.0,3531.5714285714284
406,407,2012-02-11,1,1,2,0,6,0,3,0.224167,0.210867,0.73125,0.289796,192,1977,2169,3831.0,2832.0,3485.8571428571427
407,408,2012-02-12,1,1,2,0,0,0,1,0.1275,0.101658,0.464583,0.409212,73,1456,1529,2169.0,2947.0,3391.1428571428573
408,409,2012-02-13,1,1,2,0,1,1,1,0.2225,0.227913,0.41125,0.167283,94,3328,3422,1529.0,3784.0,3188.5714285714284
409,410,2012-02-14,1,1,2,0,2,1,2,0.319167,0.333946,0.50875,0.141179,135,3787,3922,3422.0,4375.0,3136.8571428571427
410,411,2012-02-15,1,1,2,0,3,1,1,0.348333,0.351629,0.53125,0.1816,141,4028,4169,3922.0,2802.0,3072.1428571428573
411,412,2012-02-16,1,1,2,0,4,1,2,0.316667,0.330162,0.752917,0.091425,74,2931,3005,4169.0,3830.0,3267.4285714285716
412,413,2012-02-17,1,1,2,0,5,1,1,0.343333,0.351629,0.634583,0.205846,349,3805,4154,3005.0,3831.0,3149.5714285714284
413,414,2012-02-18,1,1,2,0,6,0,1,0.346667,0.355425,0.534583,0.190929,1435,2883,4318,4154.0,2169.0,3195.714285714286
414,415,2012-02-19,1,1,2,0,0,0,2,0.28,0.265788,0.515833,0.253112,618,2071,2689,4318.0,1529.0,3502.714285714286
415,416,2012-02-20,1,1,2,1,1,0,1,0.28,0.273391,0.507826,0.229083,502,2627,3129,2689.0,3422.0,3668.4285714285716
416,417,2012-02-21,1,1,2,0,2,1,1,0.287826,0.295113,0.594348,0.205717,163,3614,3777,3129.0,3922.0,3626.5714285714284
417,418,2012-02-22,1,1,2,0,3,1,1,0.395833,0.392667,0.567917,0.234471,394,4379,4773,3777.0,4169.0,3605.8571428571427
418,419,2012-02-23,1,1,2,0,4,1,1,0.454167,0.444446,0.554583,0.190913,516,4546,5062,4773.0,3005.0,3692.1428571428573
419,420,2012-02-24,1,1,2,0,5,1,2,0.4075,0.410971,0.7375,0.237567,246,3241,3487,5062.0,4154.0,3986.0
420,421,2012-02-25,1,1,2,0,6,0,1,0.290833,0.255675,0.395833,0.421642,317,2415,2732,3487.0,4318.0,3890.714285714286
421,422,2012-02-26,1,1,2,0,0,0,1,0.279167,0.268308,0.41,0.205229,515,2874,3389,2732.0,2689.0,3664.1428571428573
422,423,2012-02-27,1,1,2,0,1,1,1,0.366667,0.357954,0.490833,0.268033,253,4069,4322,3389.0,3129.0,3764.1428571428573
423,424,2012-02-28,1,1,2,0,2,1,1,0.359167,0.353525,0.395833,0.193417,229,4134,4363,4322.0,3777.0,3934.5714285714284
424,425,2012-02-29,1,1,2,0,3,1,2,0.344348,0.34847,0.804783,0.179117,65,1769,1834,4363.0,4773.0,4018.285714285714
425,426,2012-03-01,1,1,3,0,4,1,1,0.485833,0.475371,0.615417,0.226987,325,4665,4990,1834.0,5062.0,3598.4285714285716
426,427,2012-03-02,1,1,3,0,5,1,2,0.353333,0.359842,0.657083,0.144904,246,2948,3194,4990.0,3487.0,3588.1428571428573
427,428,2012-03-03,1,1,3,0,6,0,2,0.414167,0.413492,0.62125,0.161079,956,3110,4066,3194.0,2732.0,3546.285714285714
428,429,2012-03-04,1,1,3,0,0,0,1,0.325833,0.303021,0.403333,0.334571,710,2713,3423,4066.0,3389.0,3736.8571428571427
429,430,2012-03-05,1,1,3,0,1,1,1,0.243333,0.241171,0.50625,0.228858,203,3130,3333,3423.0,4322.0,3741.714285714286
430,431,2012-03-06,1,1,3,0,2,1,1,0.258333,0.255042,0.456667,0.200875,221,3735,3956,3333.0,4363.0,3600.4285714285716
431,432,2012-03-07,1,1,3,0,3,1,1,0.404167,0.3851,0.513333,0.345779,432,4484,4916,3956.0,1834.0,3542.285714285714
432,433,2012-03-08,1,1,3,0,4,1,1,0.5275,0.524604,0.5675,0.441563,486,4896,5382,4916.0,4990.0,3982.5714285714284
433,434,2012-03-09,1,1,3,0,5,1,2,0.410833,0.397083,0.407083,0.4148,447,4122,4569,5382.0,3194.0,4038.5714285714284
434,435,2012-03-10,1,1,3,0,6,0,1,0.2875,0.277767,0.350417,0.22575,968,3150,4118,4569.0,4066.0,4235.0
435,436,2012-03-11,1,1,3,0,0,0,1,0.361739,0.35967,0.476957,0.222587,1658,3253,4911,4118.0,3423.0,4242.428571428572
436,437,2012-03-12,1,1,3,0,1,1,1,0.466667,0.459592,0.489167,0.207713,838,4460,5298,4911.0,3333.0,4455.0
437,438,2012-03-13,1,1,3,0,2,1,1,0.565,0.542929,0.6175,0.23695,762,5085,5847,5298.0,3956.0,4735.714285714285
438,439,2012-03-14,1,1,3,0,3,1,1,0.5725,0.548617,0.507083,0.115062,997,5315,6312,5847.0,4916.0,5005.857142857143
439,440,2012-03-15,1,1,3,0,4,1,1,0.5575,0.532825,0.579583,0.149883,1005,5187,6192,6312.0,5382.0,5205.285714285715
440,441,2012-03-16,1,1,3,0,5,1,2,0.435833,0.436229,0.842083,0.113192,548,3830,4378,6192.0,4569.0,5321.0
441,442,2012-03-17,1,1,3,0,6,0,2,0.514167,0.505046,0.755833,0.110704,3155,4681,7836,4378.0,4118.0,5293.714285714285
442,443,2012-03-18,1,1,3,0,0,0,2,0.4725,0.464,0.81,0.126883,2207,3685,5892,7836.0,4911.0,5824.857142857143
443,444,2012-03-19,1,1,3,0,1,1,1,0.545,0.532821,0.72875,0.162317,982,5171,6153,5892.0,5298.0,5965.0
444,445,2012-03-20,1,1,3,0,2,1,1,0.560833,0.538533,0.807917,0.121271,1051,5042,6093,6153.0,5847.0,6087.142857142857
445,446,2012-03-21,2,1,3,0,3,1,2,0.531667,0.513258,0.82125,0.0895583,1122,5108,6230,6093.0,6312.0,6122.285714285715
446,447,2012-03-22,2,1,3,0,4,1,1,0.554167,0.531567,0.83125,0.117562,1334,5537,6871,6230.0,6192.0,6110.571428571428
447,448,2012-03-23,2,1,3,0,5,1,2,0.601667,0.570067,0.694167,0.1163,2469,5893,8362,6871.0,4378.0,6207.571428571428
448,449,2012-03-24,2,1,3,0,6,0,2,0.5025,0.486733,0.885417,0.192783,1033,2339,3372,8362.0,7836.0,6776.714285714285
449,450,2012-03-25,2,1,3,0,0,0,2,0.4375,0.437488,0.880833,0.220775,1532,3464,4996,3372.0,5892.0,6139.0
450,451,2012-03-26,2,1,3,0,1,1,1,0.445833,0.43875,0.477917,0.386821,795,4763,5558,4996.0,6153.0,6011.0
451,452,2012-03-27,2,1,3,0,2,1,1,0.323333,0.315654,0.29,0.187192,531,4571,5102,5558.0,6093.0,5926.0
452,453,2012-03-28,2,1,3,0,3,1,1,0.484167,0.47095,0.48125,0.291671,674,5024,5698,5102.0,6230.0,5784.428571428572
453,454,2012-03-29,2,1,3,0,4,1,1,0.494167,0.482304,0.439167,0.31965,834,5299,6133,5698.0,6871.0,5708.428571428572
454,455,2012-03-30,2,1,3,0,5,1,2,0.37,0.375621,0.580833,0.138067,796,4663,5459,6133.0,8362.0,5603.0
455,456,2012-03-31,2,1,3,0,6,0,2,0.424167,0.421708,0.738333,0.250617,2301,3934,6235,5459.0,3372.0,5188.285714285715
456,457,2012-04-01,2,1,4,0,0,0,2,0.425833,0.417287,0.67625,0.172267,2347,3694,6041,6235.0,4996.0,5597.285714285715
457,458,2012-04-02,2,1,4,0,1,1,1,0.433913,0.427513,0.504348,0.312139,1208,4728,5936,6041.0,5558.0,5746.571428571428
458,459,2012-04-03,2,1,4,0,2,1,1,0.466667,0.461483,0.396667,0.100133,1348,5424,6772,5936.0,5102.0,5800.571428571428
459,460,2012-04-04,2,1,4,0,3,1,1,0.541667,0.53345,0.469583,0.180975,1058,5378,6436,6772.0,5698.0,6039.142857142857
460,461,2012-04-05,2,1,4,0,4,1,1,0.435,0.431163,0.374167,0.219529,1192,5265,6457,6436.0,6133.0,6144.571428571428
461,462,2012-04-06,2,1,4,0,5,1,1,0.403333,0.390767,0.377083,0.300388,1807,4653,6460,6457.0,5459.0,6190.857142857143
462,463,2012-04-07,2,1,4,0,6,0,1,0.4375,0.426129,0.254167,0.274871,3252,3605,6857,6460.0,6235.0,6333.857142857143
463,464,2012-04-08,2,1,4,0,0,0,1,0.5,0.492425,0.275833,0.232596,2230,2939,5169,6857.0,6041.0,6422.714285714285
464,465,2012-04-09,2,1,4,0,1,1,1,0.489167,0.476638,0.3175,0.358196,905,4680,5585,5169.0,5936.0,6298.142857142857
465,466,2012-04-10,2,1,4,0,2,1,1,0.446667,0.436233,0.435,0.249375,819,5099,5918,5585.0,6772.0,6248.0
466,467,2012-04-11,2,1,4,0,3,1,1,0.348696,0.337274,0.469565,0.295274,482,4380,4862,5918.0,6436.0,6126.0
467,468,2012-04-12,2,1,4,0,4,1,1,0.3975,0.387604,0.46625,0.290429,663,4746,5409,4862.0,6457.0,5901.142857142857
468,469,2012-04-13,2,1,4,0,5,1,1,0.4425,0.431808,0.408333,0.155471,1252,5146,6398,5409.0,6460.0,5751.428571428572
469,470,2012-04-14,2,1,4,0,6,0,1,0.495,0.487996,0.502917,0.190917,2795,4665,7460,6398.0,6857.0,5742.571428571428
470,471,2012-04-15,2,1,4,0,0,0,1,0.606667,0.573875,0.507917,0.225129,2846,4286,7132,7460.0,5169.0,5828.714285714285
471,472,2012-04-16,2,1,4,1,1,0,1,0.664167,0.614925,0.561667,0.284829,1198,5172,6370,7132.0,5585.0,6109.142857142857
472,473,2012-04-17,2,1,4,0,2,1,1,0.608333,0.598487,0.390417,0.273629,989,5702,6691,6370.0,5918.0,6221.285714285715
473,474,2012-04-18,2,1,4,0,3,1,2,0.463333,0.457038,0.569167,0.167912,347,4020,4367,6691.0,4862.0,6331.714285714285
474,475,2012-04-19,2,1,4,0,4,1,1,0.498333,0.493046,0.6125,0.0659292,846,5719,6565,4367.0,5409.0,6261.0
475,476,2012-04-20,2,1,4,0,5,1,1,0.526667,0.515775,0.694583,0.149871,1340,5950,7290,6565.0,6398.0,6426.142857142857
476,477,2012-04-21,2,1,4,0,6,0,1,0.57,0.542921,0.682917,0.283587,2541,4083,6624,7290.0,7460.0,6553.571428571428
477,478,2012-04-22,2,1,4,0,0,0,3,0.396667,0.389504,0.835417,0.344546,120,907,1027,6624.0,7132.0,6434.142857142857
478,479,2012-04-23,2,1,4,0,1,1,2,0.321667,0.301125,0.766667,0.303496,195,3019,3214,1027.0,6370.0,5562.0
479,480,2012-04-24,2,1,4,0,2,1,1,0.413333,0.405283,0.454167,0.249383,518,5115,5633,3214.0,6691.0,5111.142857142857
480,481,2012-04-25,2,1,4,0,3,1,1,0.476667,0.470317,0.427917,0.118792,655,5541,6196,5633.0,4367.0,4960.0
481,482,2012-04-26,2,1,4,0,4,1,2,0.498333,0.483583,0.756667,0.176625,475,4551,5026,6196.0,6565.0,5221.285714285715
482,483,2012-04-27,2,1,4,0,5,1,1,0.4575,0.452637,0.400833,0.347633,1014,5219,6233,5026.0,7290.0,5001.428571428572
483,484,2012-04-28,2,1,4,0,6,0,2,0.376667,0.377504,0.489583,0.129975,1120,3100,4220,6233.0,6624.0,4850.428571428572
484,485,2012-04-29,2,1,4,0,0,0,1,0.458333,0.450121,0.587083,0.116908,2229,4075,6304,4220.0,1027.0,4507.0
485,486,2012-04-30,2,1,4,0,1,1,2,0.464167,0.457696,0.57,0.171638,665,4907,5572,6304.0,3214.0,5260.857142857143
486,487,2012-05-01,2,1,5,0,2,1,2,0.613333,0.577021,0.659583,0.156096,653,5087,5740,5572.0,5633.0,5597.714285714285
487,488,2012-05-02,2,1,5,0,3,1,1,0.564167,0.537896,0.797083,0.138058,667,5502,6169,5740.0,6196.0,5613.0
488,489,2012-05-03,2,1,5,0,4,1,2,0.56,0.537242,0.768333,0.133696,764,5657,6421,6169.0,5026.0,5609.142857142857
489,490,2012-05-04,2,1,5,0,5,1,1,0.6275,0.590917,0.735417,0.162938,1069,5227,6296,6421.0,6233.0,5808.428571428572
490,491,2012-05-05,2,1,5,0,6,0,2,0.621667,0.584608,0.756667,0.152992,2496,4387,6883,6296.0,4220.0,5817.428571428572
491,492,2012-05-06,2,1,5,0,0,0,2,0.5625,0.546737,0.74,0.149879,2135,4224,6359,6883.0,6304.0,6197.857142857143
492,493,2012-05-07,2,1,5,0,1,1,2,0.5375,0.527142,0.664167,0.230721,1008,5265,6273,6359.0,5572.0,6205.714285714285
493,494,2012-05-08,2,1,5,0,2,1,2,0.581667,0.557471,0.685833,0.296029,738,4990,5728,6273.0,5740.0,6305.857142857143
494,495,2012-05-09,2,1,5,0,3,1,2,0.575,0.553025,0.744167,0.216412,620,4097,4717,5728.0,6169.0,6304.142857142857
495,496,2012-05-10,2,1,5,0,4,1,1,0.505833,0.491783,0.552083,0.314063,1026,5546,6572,4717.0,6421.0,6096.714285714285
496,497,2012-05-11,2,1,5,0,5,1,1,0.533333,0.520833,0.360417,0.236937,1319,5711,7030,6572.0,6296.0,6118.285714285715
497,498,2012-05-12,2,1,5,0,6,0,1,0.564167,0.544817,0.480417,0.123133,2622,4807,7429,7030.0,6883.0,6223.142857142857
498,499,2012-05-13,2,1,5,0,0,0,1,0.6125,0.585238,0.57625,0.225117,2172,3946,6118,7429.0,6359.0,6301.142857142857
499,500,2012-05-14,2,1,5,0,1,1,2,0.573333,0.5499,0.789583,0.212692,342,2501,2843,6118.0,6273.0,6266.714285714285
500,501,2012-05-15,2,1,5,0,2,1,2,0.611667,0.576404,0.794583,0.147392,625,4490,5115,2843.0,5728.0,5776.714285714285
501,502,2012-05-16,2,1,5,0,3,1,1,0.636667,0.595975,0.697917,0.122512,991,6433,7424,5115.0,4717.0,5689.142857142857
502,503,2012-05-17,2,1,5,0,4,1,1,0.593333,0.572613,0.52,0.229475,1242,6142,7384,7424.0,6572.0,6075.857142857143
503,504,2012-05-18,2,1,5,0,5,1,1,0.564167,0.551121,0.523333,0.136817,1521,6118,7639,7384.0,7030.0,6191.857142857143
504,505,2012-05-19,2,1,5,0,6,0,1,0.6,0.566908,0.45625,0.083975,3410,4884,8294,7639.0,7429.0,6278.857142857143
505,506,2012-05-20,2,1,5,0,0,0,1,0.620833,0.583967,0.530417,0.254367,2704,4425,7129,8294.0,6118.0,6402.428571428572
506,507,2012-05-21,2,1,5,0,1,1,2,0.598333,0.565667,0.81125,0.233204,630,3729,4359,7129.0,2843.0,6546.857142857143
507,508,2012-05-22,2,1,5,0,2,1,2,0.615,0.580825,0.765833,0.118167,819,5254,6073,4359.0,5115.0,6763.428571428572
508,509,2012-05-23,2,1,5,0,3,1,2,0.621667,0.584612,0.774583,0.102,766,4494,5260,6073.0,7424.0,6900.285714285715
509,510,2012-05-24,2,1,5,0,4,1,1,0.655,0.6067,0.716667,0.172896,1059,5711,6770,5260.0,7384.0,6591.142857142857
510,511,2012-05-25,2,1,5,0,5,1,1,0.68,0.627529,0.747083,0.14055,1417,5317,6734,6770.0,7639.0,6503.428571428572
511,512,2012-05-26,2,1,5,0,6,0,1,0.6925,0.642696,0.7325,0.198992,2855,3681,6536,6734.0,8294.0,6374.142857142857
512,513,2012-05-27,2,1,5,0,0,0,1,0.69,0.641425,0.697083,0.215171,3283,3308,6591,6536.0,7129.0,6123.0
513,514,2012-05-28,2,1,5,1,1,0,1,0.7125,0.6793,0.67625,0.196521,2557,3486,6043,6591.0,4359.0,6046.142857142857
514,515,2012-05-29,2,1,5,0,2,1,1,0.7225,0.672992,0.684583,0.2954,880,4863,5743,6043.0,6073.0,6286.714285714285
515,516,2012-05-30,2,1,5,0,3,1,2,0.656667,0.611129,0.67,0.134329,745,6110,6855,5743.0,5260.0,6239.571428571428
516,517,2012-05-31,2,1,5,0,4,1,1,0.68,0.631329,0.492917,0.195279,1100,6238,7338,6855.0,6770.0,6467.428571428572
517,518,2012-06-01,2,1,6,0,5,1,2,0.654167,0.607962,0.755417,0.237563,533,3594,4127,7338.0,6734.0,6548.571428571428
518,519,2012-06-02,2,1,6,0,6,0,1,0.583333,0.566288,0.549167,0.186562,2795,5325,8120,4127.0,6536.0,6176.142857142857
519,520,2012-06-03,2,1,6,0,0,0,1,0.6025,0.575133,0.493333,0.184087,2494,5147,7641,8120.0,6591.0,6402.428571428572
520,521,2012-06-04,2,1,6,0,1,1,1,0.5975,0.578283,0.487083,0.284833,1071,5927,6998,7641.0,6043.0,6552.428571428572
521,522,2012-06-05,2,1,6,0,2,1,2,0.540833,0.525892,0.613333,0.209575,968,6033,7001,6998.0,5743.0,6688.857142857143
522,523,2012-06-06,2,1,6,0,3,1,1,0.554167,0.542292,0.61125,0.077125,1027,6028,7055,7001.0,6855.0,6868.571428571428
523,524,2012-06-07,2,1,6,0,4,1,1,0.6025,0.569442,0.567083,0.15735,1038,6456,7494,7055.0,7338.0,6897.142857142857
524,525,2012-06-08,2,1,6,0,5,1,1,0.649167,0.597862,0.467917,0.175383,1488,6248,7736,7494.0,4127.0,6919.428571428572
525,526,2012-06-09,2,1,6,0,6,0,1,0.710833,0.648367,0.437083,0.144287,2708,4790,7498,7736.0,8120.0,7435.0
526,527,2012-06-10,2,1,6,0,0,0,1,0.726667,0.663517,0.538333,0.133721,2224,4374,6598,7498.0,7641.0,7346.142857142857
527,528,2012-06-11,2,1,6,0,1,1,2,0.720833,0.659721,0.587917,0.207713,1017,5647,6664,6598.0,6998.0,7197.142857142857
528,529,2012-06-12,2,1,6,0,2,1,2,0.653333,0.597875,0.833333,0.214546,477,4495,4972,6664.0,7001.0,7149.428571428572
529,530,2012-06-13,2,1,6,0,3,1,1,0.655833,0.611117,0.582083,0.343279,1173,6248,7421,4972.0,7055.0,6859.571428571428
530,531,2012-06-14,2,1,6,0,4,1,1,0.648333,0.624383,0.569583,0.253733,1180,6183,7363,7421.0,7494.0,6911.857142857143
531,532,2012-06-15,2,1,6,0,5,1,1,0.639167,0.599754,0.589583,0.176617,1563,6102,7665,7363.0,7736.0,6893.142857142857
532,533,2012-06-16,2,1,6,0,6,0,1,0.631667,0.594708,0.504167,0.166667,2963,4739,7702,7665.0,7498.0,6883.0
533,534,2012-06-17,2,1,6,0,0,0,1,0.5925,0.571975,0.59875,0.144904,2634,4344,6978,7702.0,6598.0,6912.142857142857
534,535,2012-06-18,2,1,6,0,1,1,2,0.568333,0.544842,0.777917,0.174746,653,4446,5099,6978.0,6664.0,6966.428571428572
535,536,2012-06-19,2,1,6,0,2,1,1,0.688333,0.654692,0.69,0.148017,968,5857,6825,5099.0,4972.0,6742.857142857143
536,537,2012-06-20,2,1,6,0,3,1,1,0.7825,0.720975,0.592083,0.113812,872,5339,6211,6825.0,7421.0,7007.571428571428
537,538,2012-06-21,3,1,6,0,4,1,1,0.805833,0.752542,0.567917,0.118787,778,5127,5905,6211.0,7363.0,6834.714285714285
538,539,2012-06-22,3,1,6,0,5,1,1,0.7775,0.724121,0.57375,0.182842,964,4859,5823,5905.0,7665.0,6626.428571428572
539,540,2012-06-23,3,1,6,0,6,0,1,0.731667,0.652792,0.534583,0.179721,2657,4801,7458,5823.0,7702.0,6363.285714285715
540,541,2012-06-24,3,1,6,0,0,0,1,0.743333,0.674254,0.479167,0.145525,2551,4340,6891,7458.0,6978.0,6328.428571428572
541,542,2012-06-25,3,1,6,0,1,1,1,0.715833,0.654042,0.504167,0.300383,1139,5640,6779,6891.0,5099.0,6316.0
542,543,2012-06-26,3,1,6,0,2,1,1,0.630833,0.594704,0.373333,0.347642,1077,6365,7442,6779.0,6825.0,6556.0
543,544,2012-06-27,3,1,6,0,3,1,1,0.6975,0.640792,0.36,0.271775,1077,6258,7335,7442.0,6211.0,6644.142857142857
544,545,2012-06-28,3,1,6,0,4,1,1,0.749167,0.675512,0.4225,0.17165,921,5958,6879,7335.0,5905.0,6804.714285714285
545,546,2012-06-29,3,1,6,0,5,1,1,0.834167,0.786613,0.48875,0.165417,829,4634,5463,6879.0,5823.0,6943.857142857143
546,547,2012-06-30,3,1,6,0,6,0,1,0.765,0.687508,0.60125,0.161071,1455,4232,5687,5463.0,7458.0,6892.428571428572
547,548,2012-07-01,3,1,7,0,0,0,1,0.815833,0.750629,0.51875,0.168529,1421,4110,5531,5687.0,6891.0,6639.428571428572
548,549,2012-07-02,3,1,7,0,1,1,1,0.781667,0.702038,0.447083,0.195267,904,5323,6227,5531.0,6779.0,6445.142857142857
549,550,2012-07-03,3,1,7,0,2,1,1,0.780833,0.70265,0.492083,0.126237,1052,5608,6660,6227.0,7442.0,6366.285714285715
550,551,2012-07-04,3,1,7,1,3,0,1,0.789167,0.732337,0.53875,0.13495,2562,4841,7403,6660.0,7335.0,6254.571428571428
551,552,2012-07-05,3,1,7,0,4,1,1,0.8275,0.761367,0.457917,0.194029,1405,4836,6241,7403.0,6879.0,6264.285714285715
552,553,2012-07-06,3,1,7,0,5,1,1,0.828333,0.752533,0.450833,0.146142,1366,4841,6207,6241.0,5463.0,6173.142857142857
553,554,2012-07-07,3,1,7,0,6,0,1,0.861667,0.804913,0.492083,0.163554,1448,3392,4840,6207.0,5687.0,6279.428571428572
554,555,2012-07-08,3,1,7,0,0,0,1,0.8225,0.790396,0.57375,0.125629,1203,3469,4672,4840.0,5531.0,6158.428571428572
555,556,2012-07-09,3,1,7,0,1,1,2,0.710833,0.654054,0.683333,0.180975,998,5571,6569,4672.0,6227.0,6035.714285714285
556,557,2012-07-10,3,1,7,0,2,1,2,0.720833,0.664796,0.6675,0.151737,954,5336,6290,6569.0,6660.0,6084.571428571428
557,558,2012-07-11,3,1,7,0,3,1,1,0.716667,0.650271,0.633333,0.151733,975,6289,7264,6290.0,7403.0,6031.714285714285
558,559,2012-07-12,3,1,7,0,4,1,1,0.715833,0.654683,0.529583,0.146775,1032,6414,7446,7264.0,6241.0,6011.857142857143
559,560,2012-07-13,3,1,7,0,5,1,2,0.731667,0.667933,0.485833,0.08085,1511,5988,7499,7446.0,6207.0,6184.0
560,561,2012-07-14,3,1,7,0,6,0,2,0.703333,0.666042,0.699167,0.143679,2355,4614,6969,7499.0,4840.0,6368.571428571428
561,562,2012-07-15,3,1,7,0,0,0,1,0.745833,0.705196,0.717917,0.166667,1920,4111,6031,6969.0,4672.0,6672.714285714285
562,563,2012-07-16,3,1,7,0,1,1,1,0.763333,0.724125,0.645,0.164187,1088,5742,6830,6031.0,6569.0,6866.857142857143
563,564,2012-07-17,3,1,7,0,2,1,1,0.818333,0.755683,0.505833,0.114429,921,5865,6786,6830.0,6290.0,6904.142857142857
564,565,2012-07-18,3,1,7,0,3,1,1,0.793333,0.745583,0.577083,0.137442,799,4914,5713,6786.0,7264.0,6975.0
565,566,2012-07-19,3,1,7,0,4,1,1,0.77,0.714642,0.600417,0.165429,888,5703,6591,5713.0,7446.0,6753.428571428572
566,567,2012-07-20,3,1,7,0,5,1,2,0.665833,0.613025,0.844167,0.208967,747,5123,5870,6591.0,7499.0,6631.285714285715
567,568,2012-07-21,3,1,7,0,6,0,3,0.595833,0.549912,0.865417,0.2133,1264,3195,4459,5870.0,6969.0,6398.571428571428
568,569,2012-07-22,3,1,7,0,0,0,2,0.6675,0.623125,0.7625,0.0939208,2544,4866,7410,4459.0,6031.0,6040.0
569,570,2012-07-23,3,1,7,0,1,1,1,0.741667,0.690017,0.694167,0.138683,1135,5831,6966,7410.0,6830.0,6237.0
570,571,2012-07-24,3,1,7,0,2,1,1,0.750833,0.70645,0.655,0.211454,1140,6452,7592,6966.0,6786.0,6256.428571428572
571,572,2012-07-25,3,1,7,0,3,1,1,0.724167,0.654054,0.45,0.1648,1383,6790,8173,7592.0,5713.0,6371.571428571428
572,573,2012-07-26,3,1,7,0,4,1,1,0.776667,0.739263,0.596667,0.284813,1036,5825,6861,8173.0,6591.0,6723.0
573,574,2012-07-27,3,1,7,0,5,1,1,0.781667,0.734217,0.594583,0.152992,1259,5645,6904,6861.0,5870.0,6761.571428571428
574,575,2012-07-28,3,1,7,0,6,0,1,0.755833,0.697604,0.613333,0.15735,2234,4451,6685,6904.0,4459.0,6909.285714285715
575,576,2012-07-29,3,1,7,0,0,0,1,0.721667,0.667933,0.62375,0.170396,2153,4444,6597,6685.0,7410.0,7227.285714285715
576,577,2012-07-30,3,1,7,0,1,1,1,0.730833,0.684987,0.66875,0.153617,1040,6065,7105,6597.0,6966.0,7111.142857142857
577,578,2012-07-31,3,1,7,0,2,1,1,0.713333,0.662896,0.704167,0.165425,968,6248,7216,7105.0,7592.0,7131.0
578,579,2012-08-01,3,1,8,0,3,1,1,0.7175,0.667308,0.6775,0.141179,1074,6506,7580,7216.0,8173.0,7077.285714285715
579,580,2012-08-02,3,1,8,0,4,1,1,0.7525,0.707088,0.659583,0.129354,983,6278,7261,7580.0,6861.0,6992.571428571428
580,581,2012-08-03,3,1,8,0,5,1,2,0.765833,0.722867,0.6425,0.215792,1328,5847,7175,7261.0,6904.0,7049.714285714285
581,582,2012-08-04,3,1,8,0,6,0,1,0.793333,0.751267,0.613333,0.257458,2345,4479,6824,7175.0,6685.0,7088.428571428572
582,583,2012-08-05,3,1,8,0,0,0,1,0.769167,0.731079,0.6525,0.290421,1707,3757,5464,6824.0,6597.0,7108.285714285715
583,584,2012-08-06,3,1,8,0,1,1,2,0.7525,0.710246,0.654167,0.129354,1233,5780,7013,5464.0,7105.0,6946.428571428572
584,585,2012-08-07,3,1,8,0,2,1,2,0.735833,0.697621,0.70375,0.116908,1278,5995,7273,7013.0,7216.0,6933.285714285715
585,586,2012-08-08,3,1,8,0,3,1,2,0.75,0.707717,0.672917,0.1107,1263,6271,7534,7273.0,7580.0,6941.428571428572
586,587,2012-08-09,3,1,8,0,4,1,1,0.755833,0.699508,0.620417,0.1561,1196,6090,7286,7534.0,7261.0,6934.857142857143
587,588,2012-08-10,3,1,8,0,5,1,2,0.715833,0.667942,0.715833,0.238813,1065,4721,5786,7286.0,7175.0,6938.428571428572
588,589,2012-08-11,3,1,8,0,6,0,2,0.6925,0.638267,0.732917,0.206479,2247,4052,6299,5786.0,6824.0,6740.0
589,590,2012-08-12,3,1,8,0,0,0,1,0.700833,0.644579,0.530417,0.122512,2182,4362,6544,6299.0,5464.0,6665.0
590,591,2012-08-13,3,1,8,0,1,1,1,0.720833,0.662254,0.545417,0.136212,1207,5676,6883,6544.0,7013.0,6819.285714285715
591,592,2012-08-14,3,1,8,0,2,1,1,0.726667,0.676779,0.686667,0.169158,1128,5656,6784,6883.0,7273.0,6800.714285714285
592,593,2012-08-15,3,1,8,0,3,1,1,0.706667,0.654037,0.619583,0.169771,1198,6149,7347,6784.0,7534.0,6730.857142857143
593,594,2012-08-16,3,1,8,0,4,1,1,0.719167,0.654688,0.519167,0.141796,1338,6267,7605,7347.0,7286.0,6704.142857142857
594,595,2012-08-17,3,1,8,0,5,1,1,0.723333,0.2424,0.570833,0.231354,1483,5665,7148,7605.0,5786.0,6749.714285714285
595,596,2012-08-18,3,1,8,0,6,0,1,0.678333,0.618071,0.603333,0.177867,2827,5038,7865,7148.0,6299.0,6944.285714285715
596,597,2012-08-19,3,1,8,0,0,0,2,0.635833,0.603554,0.711667,0.08645,1208,3341,4549,7865.0,6544.0,7168.0
597,598,2012-08-20,3,1,8,0,1,1,2,0.635833,0.595967,0.734167,0.129979,1026,5504,6530,4549.0,6883.0,6883.0
598,599,2012-08-21,3,1,8,0,2,1,1,0.649167,0.601025,0.67375,0.0727708,1081,5925,7006,6530.0,6784.0,6832.571428571428
599,600,2012-08-22,3,1,8,0,3,1,1,0.6675,0.621854,0.677083,0.0702833,1094,6281,7375,7006.0,7347.0,6864.285714285715
600,601,2012-08-23,3,1,8,0,4,1,1,0.695833,0.637008,0.635833,0.0845958,1363,6402,7765,7375.0,7605.0,6868.285714285715
601,602,2012-08-24,3,1,8,0,5,1,2,0.7025,0.6471,0.615,0.0721458,1325,6257,7582,7765.0,7148.0,6891.142857142857
602,603,2012-08-25,3,1,8,0,6,0,2,0.661667,0.618696,0.712917,0.244408,1829,4224,6053,7582.0,7865.0,6953.142857142857
603,604,2012-08-26,3,1,8,0,0,0,2,0.653333,0.595996,0.845833,0.228858,1483,3772,5255,6053.0,4549.0,6694.285714285715
604,605,2012-08-27,3,1,8,0,1,1,1,0.703333,0.654688,0.730417,0.128733,989,5928,6917,5255.0,6530.0,6795.142857142857
605,606,2012-08-28,3,1,8,0,2,1,1,0.728333,0.66605,0.62,0.190925,935,6105,7040,6917.0,7006.0,6850.428571428572
606,607,2012-08-29,3,1,8,0,3,1,1,0.685,0.635733,0.552083,0.112562,1177,6520,7697,7040.0,7375.0,6855.285714285715
607,608,2012-08-30,3,1,8,0,4,1,1,0.706667,0.652779,0.590417,0.0771167,1172,6541,7713,7697.0,7765.0,6901.285714285715
608,609,2012-08-31,3,1,8,0,5,1,1,0.764167,0.6894,0.5875,0.168533,1433,5917,7350,7713.0,7582.0,6893.857142857143
609,610,2012-09-01,3,1,9,0,6,0,2,0.753333,0.702654,0.638333,0.113187,2352,3788,6140,7350.0,6053.0,6860.714285714285
610,611,2012-09-02,3,1,9,0,0,0,2,0.696667,0.649,0.815,0.0640708,2613,3197,5810,6140.0,5255.0,6873.142857142857
611,612,2012-09-03,3,1,9,1,1,0,1,0.7075,0.661629,0.790833,0.151121,1965,4069,6034,5810.0,6917.0,6952.428571428572
612,613,2012-09-04,3,1,9,0,2,1,1,0.725833,0.686888,0.755,0.236321,867,5997,6864,6034.0,7040.0,6826.285714285715
613,614,2012-09-05,3,1,9,0,3,1,1,0.736667,0.708983,0.74125,0.187808,832,6280,7112,6864.0,7697.0,6801.142857142857
614,615,2012-09-06,3,1,9,0,4,1,2,0.696667,0.655329,0.810417,0.142421,611,5592,6203,7112.0,7713.0,6717.571428571428
615,616,2012-09-07,3,1,9,0,5,1,1,0.703333,0.657204,0.73625,0.171646,1045,6459,7504,6203.0,7350.0,6501.857142857143
616,617,2012-09-08,3,1,9,0,6,0,2,0.659167,0.611121,0.799167,0.281104,1557,4419,5976,7504.0,6140.0,6523.857142857143
617,618,2012-09-09,3,1,9,0,0,0,1,0.61,0.578925,0.5475,0.224496,2570,5657,8227,5976.0,5810.0,6500.428571428572
618,619,2012-09-10,3,1,9,0,1,1,1,0.583333,0.565654,0.50375,0.258713,1118,6407,7525,8227.0,6034.0,6845.714285714285
619,620,2012-09-11,3,1,9,0,2,1,1,0.5775,0.554292,0.52,0.0920542,1070,6697,7767,7525.0,6864.0,7058.714285714285
620,621,2012-09-12,3,1,9,0,3,1,1,0.599167,0.570075,0.577083,0.131846,1050,6820,7870,7767.0,7112.0,7187.714285714285
621,622,2012-09-13,3,1,9,0,4,1,1,0.6125,0.579558,0.637083,0.0827208,1054,6750,7804,7870.0,6203.0,7296.0
622,623,2012-09-14,3,1,9,0,5,1,1,0.633333,0.594083,0.6725,0.103863,1379,6630,8009,7804.0,7504.0,7524.714285714285
623,624,2012-09-15,3,1,9,0,6,0,1,0.608333,0.585867,0.501667,0.247521,3160,5554,8714,8009.0,5976.0,7596.857142857143
624,625,2012-09-16,3,1,9,0,0,0,1,0.58,0.563125,0.57,0.0901833,2166,5167,7333,8714.0,8227.0,7988.0
625,626,2012-09-17,3,1,9,0,1,1,2,0.580833,0.55305,0.734583,0.151742,1022,5847,6869,7333.0,7525.0,7860.285714285715
626,627,2012-09-18,3,1,9,0,2,1,2,0.623333,0.565067,0.8725,0.357587,371,3702,4073,6869.0,7767.0,7766.571428571428
627,628,2012-09-19,3,1,9,0,3,1,1,0.5525,0.540404,0.536667,0.215175,788,6803,7591,4073.0,7870.0,7238.857142857143
628,629,2012-09-20,3,1,9,0,4,1,1,0.546667,0.532192,0.618333,0.118167,939,6781,7720,7591.0,7804.0,7199.0
629,630,2012-09-21,3,1,9,0,5,1,1,0.599167,0.571971,0.66875,0.154229,1250,6917,8167,7720.0,8009.0,7187.0
630,631,2012-09-22,3,1,9,0,6,0,1,0.65,0.610488,0.646667,0.283583,2512,5883,8395,8167.0,8714.0,7209.571428571428
631,632,2012-09-23,4,1,9,0,0,0,1,0.529167,0.518933,0.467083,0.223258,2454,5453,7907,8395.0,7333.0,7164.0
632,633,2012-09-24,4,1,9,0,1,1,1,0.514167,0.502513,0.492917,0.142404,1001,6435,7436,7907.0,6869.0,7246.0
633,634,2012-09-25,4,1,9,0,2,1,1,0.55,0.544179,0.57,0.236321,845,6693,7538,7436.0,4073.0,7327.0
634,635,2012-09-26,4,1,9,0,3,1,1,0.635,0.596613,0.630833,0.2444,787,6946,7733,7538.0,7591.0,7822.0
635,636,2012-09-27,4,1,9,0,4,1,2,0.65,0.607975,0.690833,0.134342,751,6642,7393,7733.0,7720.0,7842.285714285715
636,637,2012-09-28,4,1,9,0,5,1,2,0.619167,0.585863,0.69,0.164179,1045,6370,7415,7393.0,8167.0,7795.571428571428
637,638,2012-09-29,4,1,9,0,6,0,1,0.5425,0.530296,0.542917,0.227604,2589,5966,8555,7415.0,8395.0,7688.142857142857
638,639,2012-09-30,4,1,9,0,0,0,1,0.526667,0.517663,0.583333,0.134958,2015,4874,6889,8555.0,7907.0,7711.0
639,640,2012-10-01,4,1,10,0,1,1,2,0.520833,0.512,0.649167,0.0908042,763,6015,6778,6889.0,7436.0,7565.571428571428
640,641,2012-10-02,4,1,10,0,2,1,3,0.590833,0.542333,0.871667,0.104475,315,4324,4639,6778.0,7538.0,7471.571428571428
641,642,2012-10-03,4,1,10,0,3,1,2,0.6575,0.599133,0.79375,0.0665458,728,6844,7572,4639.0,7733.0,7057.428571428572
642,643,2012-10-04,4,1,10,0,4,1,2,0.6575,0.607975,0.722917,0.117546,891,6437,7328,7572.0,7393.0,7034.428571428572
643,644,2012-10-05,4,1,10,0,5,1,1,0.615,0.580187,0.6275,0.10635,1516,6640,8156,7328.0,7415.0,7025.142857142857
644,645,2012-10-06,4,1,10,0,6,0,1,0.554167,0.538521,0.664167,0.268025,3031,4934,7965,8156.0,8555.0,7131.0
645,646,2012-10-07,4,1,10,0,0,0,2,0.415833,0.419813,0.708333,0.141162,781,2729,3510,7965.0,6889.0,7046.714285714285
646,647,2012-10-08,4,1,10,1,1,0,2,0.383333,0.387608,0.709583,0.189679,874,4604,5478,3510.0,6778.0,6564.0
647,648,2012-10-09,4,1,10,0,2,1,2,0.446667,0.438112,0.761667,0.1903,601,5791,6392,5478.0,4639.0,6378.285714285715
648,649,2012-10-10,4,1,10,0,3,1,1,0.514167,0.503142,0.630833,0.187821,780,6911,7691,6392.0,7572.0,6628.714285714285
649,650,2012-10-11,4,1,10,0,4,1,1,0.435,0.431167,0.463333,0.181596,834,6736,7570,7691.0,7328.0,6645.714285714285
650,651,2012-10-12,4,1,10,0,5,1,1,0.4375,0.433071,0.539167,0.235092,1060,6222,7282,7570.0,8156.0,6680.285714285715
651,652,2012-10-13,4,1,10,0,6,0,1,0.393333,0.391396,0.494583,0.146142,2252,4857,7109,7282.0,7965.0,6555.428571428572
652,653,2012-10-14,4,1,10,0,0,0,1,0.521667,0.508204,0.640417,0.278612,2080,4559,6639,7109.0,3510.0,6433.142857142857
653,654,2012-10-15,4,1,10,0,1,1,2,0.561667,0.53915,0.7075,0.296037,760,5115,5875,6639.0,5478.0,6880.142857142857
654,655,2012-10-16,4,1,10,0,2,1,1,0.468333,0.460846,0.558333,0.182221,922,6612,7534,5875.0,6392.0,6936.857142857143
655,656,2012-10-17,4,1,10,0,3,1,1,0.455833,0.450108,0.692917,0.101371,979,6482,7461,7534.0,7691.0,7100.0
656,657,2012-10-18,4,1,10,0,4,1,2,0.5225,0.512625,0.728333,0.236937,1008,6501,7509,7461.0,7570.0,7067.142857142857
657,658,2012-10-19,4,1,10,0,5,1,2,0.563333,0.537896,0.815,0.134954,753,4671,5424,7509.0,7282.0,7058.428571428572
658,659,2012-10-20,4,1,10,0,6,0,1,0.484167,0.472842,0.572917,0.117537,2806,5284,8090,5424.0,7109.0,6793.0
659,660,2012-10-21,4,1,10,0,0,0,1,0.464167,0.456429,0.51,0.166054,2132,4692,6824,8090.0,6639.0,6933.142857142857
660,661,2012-10-22,4,1,10,0,1,1,1,0.4875,0.482942,0.568333,0.0814833,830,6228,7058,6824.0,5875.0,6959.571428571428
661,662,2012-10-23,4,1,10,0,2,1,1,0.544167,0.530304,0.641667,0.0945458,841,6625,7466,7058.0,7534.0,7128.571428571428
662,663,2012-10-24,4,1,10,0,3,1,1,0.5875,0.558721,0.63625,0.0727792,795,6898,7693,7466.0,7461.0,7118.857142857143
663,664,2012-10-25,4,1,10,0,4,1,2,0.55,0.529688,0.800417,0.124375,875,6484,7359,7693.0,7509.0,7152.0
664,665,2012-10-26,4,1,10,0,5,1,2,0.545833,0.52275,0.807083,0.132467,1182,6262,7444,7359.0,5424.0,7130.571428571428
665,666,2012-10-27,4,1,10,0,6,0,2,0.53,0.515133,0.72,0.235692,2643,5209,7852,7444.0,8090.0,7419.142857142857
666,667,2012-10-28,4,1,10,0,0,0,2,0.4775,0.467771,0.694583,0.398008,998,3461,4459,7852.0,6824.0,7385.142857142857
667,668,2012-10-29,4,1,10,0,1,1,3,0.44,0.4394,0.88,0.3582,2,20,22,4459.0,7058.0,7047.285714285715
668,669,2012-10-30,4,1,10,0,2,1,2,0.318182,0.309909,0.825455,0.213009,87,1009,1096,22.0,7466.0,6042.142857142857
669,670,2012-10-31,4,1,10,0,3,1,2,0.3575,0.3611,0.666667,0.166667,419,5147,5566,1096.0,7693.0,5132.142857142857
670,671,2012-11-01,4,1,11,0,4,1,2,0.365833,0.369942,0.581667,0.157346,466,5520,5986,5566.0,7359.0,4828.285714285715
671,672,2012-11-02,4,1,11,0,5,1,1,0.355,0.356042,0.522083,0.266175,618,5229,5847,5986.0,7444.0,4632.142857142857
672,673,2012-11-03,4,1,11,0,6,0,2,0.343333,0.323846,0.49125,0.270529,1029,4109,5138,5847.0,7852.0,4404.0
673,674,2012-11-04,4,1,11,0,0,0,1,0.325833,0.329538,0.532917,0.179108,1201,3906,5107,5138.0,4459.0,4016.285714285714
674,675,2012-11-05,4,1,11,0,1,1,1,0.319167,0.308075,0.494167,0.236325,378,4881,5259,5107.0,22.0,4108.857142857143
675,676,2012-11-06,4,1,11,0,2,1,1,0.280833,0.281567,0.567083,0.173513,466,5220,5686,5259.0,1096.0,4857.0
676,677,2012-11-07,4,1,11,0,3,1,2,0.295833,0.274621,0.5475,0.304108,326,4709,5035,5686.0,5566.0,5512.714285714285
677,678,2012-11-08,4,1,11,0,4,1,1,0.352174,0.341891,0.333478,0.347835,340,4975,5315,5035.0,5986.0,5436.857142857143
678,679,2012-11-09,4,1,11,0,5,1,1,0.361667,0.355413,0.540833,0.214558,709,5283,5992,5315.0,5847.0,5341.0
679,680,2012-11-10,4,1,11,0,6,0,1,0.389167,0.393937,0.645417,0.0578458,2090,4446,6536,5992.0,5138.0,5361.714285714285
680,681,2012-11-11,4,1,11,0,0,0,1,0.420833,0.421713,0.659167,0.1275,2290,4562,6852,6536.0,5107.0,5561.428571428572
681,682,2012-11-12,4,1,11,1,1,0,1,0.485,0.475383,0.741667,0.173517,1097,5172,6269,6852.0,5259.0,5810.714285714285
682,683,2012-11-13,4,1,11,0,2,1,2,0.343333,0.323225,0.662917,0.342046,327,3767,4094,6269.0,5686.0,5955.0
683,684,2012-11-14,4,1,11,0,3,1,1,0.289167,0.281563,0.552083,0.199625,373,5122,5495,4094.0,5035.0,5727.571428571428
684,685,2012-11-15,4,1,11,0,4,1,2,0.321667,0.324492,0.620417,0.152987,320,5125,5445,5495.0,5315.0,5793.285714285715
685,686,2012-11-16,4,1,11,0,5,1,1,0.345,0.347204,0.524583,0.171025,484,5214,5698,5445.0,5992.0,5811.857142857143
686,687,2012-11-17,4,1,11,0,6,0,1,0.325,0.326383,0.545417,0.179729,1313,4316,5629,5698.0,6536.0,5769.857142857143
687,688,2012-11-18,4,1,11,0,0,0,1,0.3425,0.337746,0.692917,0.227612,922,3747,4669,5629.0,6852.0,5640.285714285715
688,689,2012-11-19,4,1,11,0,1,1,2,0.380833,0.375621,0.623333,0.235067,449,5050,5499,4669.0,6269.0,5328.428571428572
689,690,2012-11-20,4,1,11,0,2,1,2,0.374167,0.380667,0.685,0.082725,534,5100,5634,5499.0,4094.0,5218.428571428572
690,691,2012-11-21,4,1,11,0,3,1,1,0.353333,0.364892,0.61375,0.103246,615,4531,5146,5634.0,5495.0,5438.428571428572
691,692,2012-11-22,4,1,11,1,4,0,1,0.34,0.350371,0.580417,0.0528708,955,1470,2425,5146.0,5445.0,5388.571428571428
692,693,2012-11-23,4,1,11,0,5,1,1,0.368333,0.378779,0.56875,0.148021,1603,2307,3910,2425.0,5698.0,4957.142857142857
693,694,2012-11-24,4,1,11,0,6,0,1,0.278333,0.248742,0.404583,0.376871,532,1745,2277,3910.0,5629.0,4701.714285714285
694,695,2012-11-25,4,1,11,0,0,0,1,0.245833,0.257583,0.468333,0.1505,309,2115,2424,2277.0,4669.0,4222.857142857143
695,696,2012-11-26,4,1,11,0,1,1,1,0.313333,0.339004,0.535417,0.04665,337,4750,5087,2424.0,5499.0,3902.1428571428573
696,697,2012-11-27,4,1,11,0,2,1,2,0.291667,0.281558,0.786667,0.237562,123,3836,3959,5087.0,5634.0,3843.285714285714
697,698,2012-11-28,4,1,11,0,3,1,1,0.296667,0.289762,0.50625,0.210821,198,5062,5260,3959.0,5146.0,3604.0
698,699,2012-11-29,4,1,11,0,4,1,1,0.28087,0.298422,0.555652,0.115522,243,5080,5323,5260.0,2425.0,3620.285714285714
699,700,2012-11-30,4,1,11,0,5,1,1,0.298333,0.323867,0.649583,0.0584708,362,5306,5668,5323.0,3910.0,4034.285714285714
700,701,2012-12-01,4,1,12,0,6,0,2,0.298333,0.316904,0.806667,0.0597042,951,4240,5191,5668.0,2277.0,4285.428571428572
701,702,2012-12-02,4,1,12,0,0,0,2,0.3475,0.359208,0.823333,0.124379,892,3757,4649,5191.0,2424.0,4701.714285714285
702,703,2012-12-03,4,1,12,0,1,1,1,0.4525,0.455796,0.7675,0.0827208,555,5679,6234,4649.0,5087.0,5019.571428571428
703,704,2012-12-04,4,1,12,0,2,1,1,0.475833,0.469054,0.73375,0.174129,551,6055,6606,6234.0,3959.0,5183.428571428572
704,705,2012-12-05,4,1,12,0,3,1,1,0.438333,0.428012,0.485,0.324021,331,5398,5729,6606.0,5260.0,5561.571428571428
705,706,2012-12-06,4,1,12,0,4,1,1,0.255833,0.258204,0.50875,0.174754,340,5035,5375,5729.0,5323.0,5628.571428571428
706,707,2012-12-07,4,1,12,0,5,1,2,0.320833,0.321958,0.764167,0.1306,349,4659,5008,5375.0,5668.0,5636.0
707,708,2012-12-08,4,1,12,0,6,0,2,0.381667,0.389508,0.91125,0.101379,1153,4429,5582,5008.0,5191.0,5541.714285714285
708,709,2012-12-09,4,1,12,0,0,0,2,0.384167,0.390146,0.905417,0.157975,441,2787,3228,5582.0,4649.0,5597.571428571428
709,710,2012-12-10,4,1,12,0,1,1,2,0.435833,0.435575,0.925,0.190308,329,4841,5170,3228.0,6234.0,5394.571428571428
710,711,2012-12-11,4,1,12,0,2,1,2,0.353333,0.338363,0.596667,0.296037,282,5219,5501,5170.0,6606.0,5242.571428571428
711,712,2012-12-12,4,1,12,0,3,1,2,0.2975,0.297338,0.538333,0.162937,310,5009,5319,5501.0,5729.0,5084.714285714285
712,713,2012-12-13,4,1,12,0,4,1,1,0.295833,0.294188,0.485833,0.174129,425,5107,5532,5319.0,5375.0,5026.142857142857
713,714,2012-12-14,4,1,12,0,5,1,1,0.281667,0.294192,0.642917,0.131229,429,5182,5611,5532.0,5008.0,5048.571428571428
714,715,2012-12-15,4,1,12,0,6,0,1,0.324167,0.338383,0.650417,0.10635,767,4280,5047,5611.0,5582.0,5134.714285714285
715,716,2012-12-16,4,1,12,0,0,0,2,0.3625,0.369938,0.83875,0.100742,538,3248,3786,5047.0,3228.0,5058.285714285715
716,717,2012-12-17,4,1,12,0,1,1,2,0.393333,0.4015,0.907083,0.0982583,212,4373,4585,3786.0,5170.0,5138.0
717,718,2012-12-18,4,1,12,0,2,1,1,0.410833,0.409708,0.66625,0.221404,433,5124,5557,4585.0,5501.0,5054.428571428572
718,719,2012-12-19,4,1,12,0,3,1,1,0.3325,0.342162,0.625417,0.184092,333,4934,5267,5557.0,5319.0,5062.428571428572
719,720,2012-12-20,4,1,12,0,4,1,2,0.33,0.335217,0.667917,0.132463,314,3814,4128,5267.0,5532.0,5055.0
720,721,2012-12-21,1,1,12,0,5,1,2,0.326667,0.301767,0.556667,0.374383,221,3402,3623,4128.0,5611.0,4854.428571428572
721,722,2012-12-22,1,1,12,0,6,0,1,0.265833,0.236113,0.44125,0.407346,205,1544,1749,3623.0,5047.0,4570.428571428572
722,723,2012-12-23,1,1,12,0,0,0,1,0.245833,0.259471,0.515417,0.133083,408,1379,1787,1749.0,3786.0,4099.285714285715
723,724,2012-12-24,1,1,12,0,1,1,2,0.231304,0.2589,0.791304,0.0772304,174,746,920,1787.0,4585.0,3813.714285714286
724,725,2012-12-25,1,1,12,1,2,0,2,0.291304,0.294465,0.734783,0.168726,440,573,1013,920.0,5557.0,3290.1428571428573
725,726,2012-12-26,1,1,12,0,3,1,3,0.243333,0.220333,0.823333,0.316546,9,432,441,1013.0,5267.0,2641.0
726,727,2012-12-27,1,1,12,0,4,1,2,0.254167,0.226642,0.652917,0.350133,247,1867,2114,441.0,4128.0,1951.5714285714287
727,728,2012-12-28,1,1,12,0,5,1,2,0.253333,0.255046,0.59,0.155471,644,2451,3095,2114.0,3623.0,1663.857142857143
728,729,2012-12-29,1,1,12,0,6,0,2,0.253333,0.2424,0.752917,0.124383,159,1182,1341,3095.0,1749.0,1588.4285714285713
729,730,2012-12-30,1,1,12,0,0,0,1,0.255833,0.2317,0.483333,0.350754,364,1432,1796,1341.0,1787.0,1530.142857142857
730,731,2012-12-31,1,1,12,0,1,1,2,0.215833,0.223487,0.5775,0.154846,439,2290,2729,1796.0,920.0,1531.4285714285713
